Insectendoos_label|Insectendoos_toelichting|AangegevenTaxon|aantal
01-01|Schenking H. Bosz; Carabidae 5|Carabus anatolicus|8
01-01|Schenking H. Bosz; Carabidae 5|Carabus albrechti okumurai|4
01-01|Schenking H. Bosz; Carabidae 5|Carabus awashimae|2
01-01|Schenking H. Bosz; Carabidae 5|Carabus rumelicus|1
01-01|Schenking H. Bosz; Carabidae 5|Carabus morio|5
01-01|Schenking H. Bosz; Carabidae 5|Carabus irmasanus|2
01-01|Schenking H. Bosz; Carabidae 5|Carabus torosus|1
01-01|Schenking H. Bosz; Carabidae 5|Paussus favieri|2
01-01|Schenking H. Bosz; Carabidae 5|Cychrus angustatus|2
01-01|Schenking H. Bosz; Carabidae 5|Cychrus cylindricollis|1
01-01|Schenking H. Bosz; Carabidae 5|Cychrus caraboides|8
01-01|Schenking H. Bosz; Carabidae 5|Cychrus attenuatus|8
01-01|Schenking H. Bosz; Carabidae 5|Cychrus italicus|6
01-01|Schenking H. Bosz; Carabidae 5|Cychrus schmidti|1
01-02|Schenking H. Bosz; Carabidae 6|Leistus spinibarbis|9
01-02|Schenking H. Bosz; Carabidae 6|Leistus rufomarginatus|10
01-02|Schenking H. Bosz; Carabidae 6|Leistus fulvibarbis|4
01-02|Schenking H. Bosz; Carabidae 6|Leistus ferrugineus|10
01-02|Schenking H. Bosz; Carabidae 6|Leistus terminatus|10
01-02|Schenking H. Bosz; Carabidae 6|Leistus montanus|2
01-02|Schenking H. Bosz; Carabidae 6|Erynebria complanata|5
01-02|Schenking H. Bosz; Carabidae 6|Nebria livida|10
01-02|Schenking H. Bosz; Carabidae 6|Nebria picicornis|8
01-02|Schenking H. Bosz; Carabidae 6|Nebria psammodes|8
01-02|Schenking H. Bosz; Carabidae 6|Nebria jockischi|3
01-02|Schenking H. Bosz; Carabidae 6|Nebria rufescens|10
01-02|Schenking H. Bosz; Carabidae 6|Nebria brevicollis|8
01-02|Schenking H. Bosz; Carabidae 6|Nebria salina|8
01-02|Schenking H. Bosz; Carabidae 6|Nebria lafresnayei|10
01-02|Schenking H. Bosz; Carabidae 6|Nebria rubripes|1
01-02|Schenking H. Bosz; Carabidae 6|Nebria laticollis|1
01-02|Schenking H. Bosz; Carabidae 6|Nebria pictiventris|3
01-02|Schenking H. Bosz; Carabidae 6|Nebria hemprichi|5
01-02|Schenking H. Bosz; Carabidae 6|Nebria germari|2
01-02|Schenking H. Bosz; Carabidae 6|Nebria castanea|10
01-02|Schenking H. Bosz; Carabidae 6|Nebria testacea|2
01-02|Schenking H. Bosz; Carabidae 6|Nebria aetolica|2
01-02|Schenking H. Bosz; Carabidae 6|Nebria diaphana|10
01-02|Schenking H. Bosz; Carabidae 6|Notiophilus aquaticus|11
01-02|Schenking H. Bosz; Carabidae 6|Notiophilus palustris|10
01-02|Schenking H. Bosz; Carabidae 6|Notiophilus germinyi|1
01-02|Schenking H. Bosz; Carabidae 6|Notiophilus laticollis|3
01-02|Schenking H. Bosz; Carabidae 6|Notiophilus substriatus|2
01-02|Schenking H. Bosz; Carabidae 6|Notiophilus biguttatus|1
01-02|Schenking H. Bosz; Carabidae 6|Omophron variegatum|1
01-02|Schenking H. Bosz; Carabidae 6|Omophron limbatum|10
01-02|Schenking H. Bosz; Carabidae 6|Blethisa multipunctata|8
01-02|Schenking H. Bosz; Carabidae 6|Elephrus pyrenoeus|12
01-02|Schenking H. Bosz; Carabidae 6|Elephrus cupreus|8
01-02|Schenking H. Bosz; Carabidae 6|Elephrus ruparius|8
01-02|Schenking H. Bosz; Carabidae 6|Elephrus aureus|10
01-02|Schenking H. Bosz; Carabidae 6|Elephrus ullrichi|1
01-02|Schenking H. Bosz; Carabidae 6|Loricera pilicornis|8
01-02|Schenking H. Bosz; Carabidae 6|Scarites terricola|8
01-02|Schenking H. Bosz; Carabidae 6|Scarites laevigatus|8
01-02|Schenking H. Bosz; Carabidae 6|Scarites planus|2
01-02|Schenking H. Bosz; Carabidae 6|Scarites buparius|2
01-02|Schenking H. Bosz; Carabidae 6|Scarites eurytus|1
01-02|Schenking H. Bosz; Carabidae 6|Scarites occidentalis|2
01-02|Schenking H. Bosz; Carabidae 6|Scarites subcylindricus|2
01-02|Schenking H. Bosz; Carabidae 6|Clivina fossor|4
01-02|Schenking H. Bosz; Carabidae 6|Clivina collaris|9
01-02|Schenking H. Bosz; Carabidae 6|Clivina ypsilon|8
01-02|Schenking H. Bosz; Carabidae 6|Clivina laevifrons|1
01-02|Schenking H. Bosz; Carabidae 6|Nebria hellwigi|1
01-02|Schenking H. Bosz; Carabidae 6|Nebria hybrida|1
01-02|Schenking H. Bosz; Carabidae 6|Nebria dahli|2
01-03|Schenking H. Bosz.; Carabidae 7|Dyschirius thoracicus|9
01-03|Schenking H. Bosz.; Carabidae 7|Dyschirius obscurus|8
01-03|Schenking H. Bosz.; Carabidae 7|Dyschirius nitidus|2
01-03|Schenking H. Bosz.; Carabidae 7|Dyschirius politus|6
01-03|Schenking H. Bosz.; Carabidae 7|Dyschirius salinus|11
01-03|Schenking H. Bosz.; Carabidae 7|Dyschirius aeneus|2
01-03|Schenking H. Bosz.; Carabidae 7|Dyschirius leudersi|2
01-03|Schenking H. Bosz.; Carabidae 7|Dyschirius intermedius|1
01-03|Schenking H. Bosz.; Carabidae 7|Dyschirius laeviusculus|5
01-03|Schenking H. Bosz.; Carabidae 7|Dyschirius substriatus|1
01-03|Schenking H. Bosz.; Carabidae 7|Dyschirius cylindricus|4
01-03|Schenking H. Bosz.; Carabidae 7|Dyschirius agnatus|12
01-03|Schenking H. Bosz.; Carabidae 7|Dyschirius luticola|2
01-03|Schenking H. Bosz.; Carabidae 7|Dyschirius morio|1
01-03|Schenking H. Bosz.; Carabidae 7|Dyschirius globosus|7
01-03|Schenking H. Bosz.; Carabidae 7|Dyschirius numidicus|10
01-03|Schenking H. Bosz.; Carabidae 7|Dyschirius chalybaeus|3
01-03|Schenking H. Bosz.; Carabidae 7|Broscosoma relictum|2
01-03|Schenking H. Bosz.; Carabidae 7|Broscus cephalotus|6
01-03|Schenking H. Bosz.; Carabidae 7|Perileptus areolatus|12
01-03|Schenking H. Bosz.; Carabidae 7|Aepus marinus|2
01-03|Schenking H. Bosz.; Carabidae 7|Trechus quadristriatus|4
01-03|Schenking H. Bosz.; Carabidae 7|Trechus obtusus|3
01-03|Schenking H. Bosz.; Carabidae 7|Trechus alpicola|1
01-03|Schenking H. Bosz.; Carabidae 7|Trechus cardioderus|1
01-03|Schenking H. Bosz.; Carabidae 7|Trechus pulchellus|1
01-03|Schenking H. Bosz.; Carabidae 7|Trechus glacialis|4
01-03|Schenking H. Bosz.; Carabidae 7|Trechus fairmairei|7
01-03|Schenking H. Bosz.; Carabidae 7|Trechus gracilitarsis|4
01-03|Schenking H. Bosz.; Carabidae 7|Trechus putzeysi|1
01-03|Schenking H. Bosz.; Carabidae 7|Trechus mallaszianus|2
01-03|Schenking H. Bosz.; Carabidae 7|Trechus asiaticus|14
01-03|Schenking H. Bosz.; Carabidae 7|Lasiotrechus discus|8
01-03|Schenking H. Bosz.; Carabidae 7|Trechoblemus micros|2
01-03|Schenking H. Bosz.; Carabidae 7|Siagona europaea|3
01-03|Schenking H. Bosz.; Carabidae 7|Broscus nobilis|10
01-03|Schenking H. Bosz.; Carabidae 7|Trechus secalis|1
01-04|Schenking H. Bosz.; Carabidae 9|Binaghites armellinae|1
01-04|Schenking H. Bosz.; Carabidae 9|Tachyta nana|21
01-04|Schenking H. Bosz.; Carabidae 9|Tachys haemorrhoidalis|7
01-04|Schenking H. Bosz.; Carabidae 9|Tachys diabrachys|10
01-04|Schenking H. Bosz.; Carabidae 9|Tachys bistriatus|3
01-04|Schenking H. Bosz.; Carabidae 9|Tachys micros|8
01-04|Schenking H. Bosz.; Carabidae 9|Tachys scutellaris|12
01-04|Schenking H. Bosz.; Carabidae 9|Tachys parvulus|8
01-04|Schenking H. Bosz.; Carabidae 9|Tachys centriustatus|3
01-04|Schenking H. Bosz.; Carabidae 9|Tachys quadrisignatus|12
01-04|Schenking H. Bosz.; Carabidae 9|Tachys centromaculatus|2
01-04|Schenking H. Bosz.; Carabidae 9|Tachys bisulcatus|9
01-04|Schenking H. Bosz.; Carabidae 9|Tachys sextriatus|12
01-04|Schenking H. Bosz.; Carabidae 9|Tachys lucasii|4
01-04|Schenking H. Bosz.; Carabidae 9|Tachys ferrugata|1
01-04|Schenking H. Bosz.; Carabidae 9|Bembidion striatum|10
01-04|Schenking H. Bosz.; Carabidae 9|Bembidion foraminosum|1
01-04|Schenking H. Bosz.; Carabidae 9|Bembidion argenteolum|10
01-04|Schenking H. Bosz.; Carabidae 9|Bembidion velox|10
01-04|Schenking H. Bosz.; Carabidae 9|Bembidion littorale|10
01-04|Schenking H. Bosz.; Carabidae 9|Bembidion pygmaeum|1
01-04|Schenking H. Bosz.; Carabidae 9|Bembidion leucoscelis|1
01-04|Schenking H. Bosz.; Carabidae 9|Bembidion nigricorne|8
01-04|Schenking H. Bosz.; Carabidae 9|Bembidion lampros|8
01-04|Schenking H. Bosz.; Carabidae 9|Bembidion properans|12
01-04|Schenking H. Bosz.; Carabidae 9|Bembidion punctulatum|12
01-04|Schenking H. Bosz.; Carabidae 9|Bembidion pallidipenne|8
01-04|Schenking H. Bosz.; Carabidae 9|Bembidion bipunctatum|8
01-04|Schenking H. Bosz.; Carabidae 9|Bembidion obliquum|1
01-04|Schenking H. Bosz.; Carabidae 9|Bembidion varium|8
01-04|Schenking H. Bosz.; Carabidae 9|Bembidion semipunctatum|10
01-04|Schenking H. Bosz.; Carabidae 9|Bembidion ephippium|10
01-04|Schenking H. Bosz.; Carabidae 9|Bembidion tibiale|12
01-04|Schenking H. Bosz.; Carabidae 9|Bembidion geniculatum|12
01-04|Schenking H. Bosz.; Carabidae 9|Bembidion atrocoeruleum|9
01-04|Schenking H. Bosz.; Carabidae 9|Bembidion concoeruleum|7
01-04|Schenking H. Bosz.; Carabidae 9|Bembidion varicolor|12
01-04|Schenking H. Bosz.; Carabidae 9|Bembidion conforme|12
01-04|Schenking H. Bosz.; Carabidae 9|Bembidion fasciolatum|2
01-04|Schenking H. Bosz.; Carabidae 9|Bembidion ascendens|10
01-04|Schenking H. Bosz.; Carabidae 9|Bembidion bugnioni|8
01-04|Schenking H. Bosz.; Carabidae 9|Bembidion coeruleum|12
01-04|Schenking H. Bosz.; Carabidae 9|Bembidion monticola|1
01-04|Schenking H. Bosz.; Carabidae 9|Bembidion eques|8
01-04|Schenking H. Bosz.; Carabidae 9|Bembidion deletum|12
01-04|Schenking H. Bosz.; Carabidae 9|Bembidion incognitum|9
01-04|Schenking H. Bosz.; Carabidae 9|Bembidion stephensi|10
01-04|Schenking H. Bosz.; Carabidae 9|Bembidion milleri|7
01-04|Schenking H. Bosz.; Carabidae 9|Bembidion lunatum|1
01-04|Schenking H. Bosz.; Carabidae 9|Bembidion bruxellense|5
01-04|Schenking H. Bosz.; Carabidae 9|Bembidion tetracolum|12
01-04|Schenking H. Bosz.; Carabidae 9|Bembidion subcostatum|12
01-04|Schenking H. Bosz.; Carabidae 9|Bembidion andrea|11
01-04|Schenking H. Bosz.; Carabidae 9|Bembidion femoratum|8
01-04|Schenking H. Bosz.; Carabidae 9|Bembidion scapulare|12
01-04|Schenking H. Bosz.; Carabidae 9|Tachys walkeriana|3
01-04|Schenking H. Bosz.; Carabidae 9|Bembidion dentellum|8
01-05|Schenking H. Bosz.; Carabidae 10|Bembidion latinum|11
01-05|Schenking H. Bosz.; Carabidae 10|Bembidion testaceum|12
01-05|Schenking H. Bosz.; Carabidae 10|Bembidion fluviatile|8
01-05|Schenking H. Bosz.; Carabidae 10|Bembidion decorum|9
01-05|Schenking H. Bosz.; Carabidae 10|Bembidion modestum|4
01-05|Schenking H. Bosz.; Carabidae 10|Bembidion glaciale|1
01-05|Schenking H. Bosz.; Carabidae 10|Bembidion tetragrammum|8
01-05|Schenking H. Bosz.; Carabidae 10|Bembidion callosum|17
01-05|Schenking H. Bosz.; Carabidae 10|Bembidion stomoides|10
01-05|Schenking H. Bosz.; Carabidae 10|Bembidion ruficorne|8
01-05|Schenking H. Bosz.; Carabidae 10|Bembidion elongatum|10
01-05|Schenking H. Bosz.; Carabidae 10|Bembidion decoratum|8
01-05|Schenking H. Bosz.; Carabidae 10|Bembidion inustum|1
01-05|Schenking H. Bosz.; Carabidae 10|Bembidion schueppeli|2
01-05|Schenking H. Bosz.; Carabidae 10|Bembidion gilvipes|4
01-05|Schenking H. Bosz.; Carabidae 10|Bembidion fumigatum|11
01-05|Schenking H. Bosz.; Carabidae 10|Bembidion assimile|12
01-05|Schenking H. Bosz.; Carabidae 10|Bembidion normannum|5
01-05|Schenking H. Bosz.; Carabidae 10|Bembidion minimum|4
01-05|Schenking H. Bosz.; Carabidae 10|Bembidion azurescens|2
01-05|Schenking H. Bosz.; Carabidae 10|Bembidion humerale|12
01-05|Schenking H. Bosz.; Carabidae 10|Bembidion quadrimaculatum|12
01-05|Schenking H. Bosz.; Carabidae 10|Bembidion quadripustulatum|7
01-05|Schenking H. Bosz.; Carabidae 10|Bembidion doris|9
01-05|Schenking H. Bosz.; Carabidae 10|Bembidion articulatum|9
01-05|Schenking H. Bosz.; Carabidae 10|Bembidion octomaculatum|6
01-05|Schenking H. Bosz.; Carabidae 10|Bembidion obtusum|1
01-05|Schenking H. Bosz.; Carabidae 10|Bembidion biguttatum|12
01-05|Schenking H. Bosz.; Carabidae 10|Bembidion inoptatum|5
01-05|Schenking H. Bosz.; Carabidae 10|Bembidion aeneum|2
01-05|Schenking H. Bosz.; Carabidae 10|Bembidion mannerheimi|8
01-05|Schenking H. Bosz.; Carabidae 10|Bembidion guttula|2
01-05|Schenking H. Bosz.; Carabidae 10|Bembidion lunulatum|8
01-05|Schenking H. Bosz.; Carabidae 10|Bembidion iricolor|3
01-05|Schenking H. Bosz.; Carabidae 10|Bembidion egregium|10
01-05|Schenking H. Bosz.; Carabidae 10|Bembidion axillare|1
01-05|Schenking H. Bosz.; Carabidae 10|Bembidion praestum|8
01-05|Schenking H. Bosz.; Carabidae 10|Bembidion maculatum|1
01-05|Schenking H. Bosz.; Carabidae 10|Bembidion laetum|1
01-05|Schenking H. Bosz.; Carabidae 10|Bembidion pyrenaeum|12
01-05|Schenking H. Bosz.; Carabidae 10|Bembidion vicinum|4
01-05|Schenking H. Bosz.; Carabidae 10|Bembidion complanatum|5
01-05|Schenking H. Bosz.; Carabidae 10|Bembidion siculum|9
01-05|Schenking H. Bosz.; Carabidae 10|Bembidion grandipenne|1
01-05|Schenking H. Bosz.; Carabidae 10|Bembidion cordicolle|1
01-05|Schenking H. Bosz.; Carabidae 10|Bembidion vsteckai|1
01-05|Schenking H. Bosz.; Carabidae 10|Bembidion splendidum|2
01-05|Schenking H. Bosz.; Carabidae 10|Bembidion tursicus|1
01-05|Schenking H. Bosz.; Carabidae 10|Bembidion menetriesi|18
01-06|Schenking H. Bosz.; Carabidae 11|Cillenus lateralis|3
01-06|Schenking H. Bosz.; Carabidae 11|Ocys harpaloides|8
01-06|Schenking H. Bosz.; Carabidae 11|Asaphidion caraboides|9
01-06|Schenking H. Bosz.; Carabidae 11|Asaphidion pallipes|1
01-06|Schenking H. Bosz.; Carabidae 11|Asaphidion curtum|12
01-06|Schenking H. Bosz.; Carabidae 11|Asaphidion flavipes|10
01-06|Schenking H. Bosz.; Carabidae 11|Asaphidion flavicorne|2
01-06|Schenking H. Bosz.; Carabidae 11|Pogonus luridipennis|1
01-06|Schenking H. Bosz.; Carabidae 11|Pogonus gilvipes|3
01-06|Schenking H. Bosz.; Carabidae 11|Pogonus chalceus|10
01-06|Schenking H. Bosz.; Carabidae 11|Pogonus litoralis|10
01-06|Schenking H. Bosz.; Carabidae 11|Pogonus smaragdinus|12
01-06|Schenking H. Bosz.; Carabidae 11|Pogonus grayi|2
01-06|Schenking H. Bosz.; Carabidae 11|Pogonus gracilis|8
01-06|Schenking H. Bosz.; Carabidae 11|Pogonus filiformis|3
01-06|Schenking H. Bosz.; Carabidae 11|Pogonus pallidipennis|5
01-06|Schenking H. Bosz.; Carabidae 11|Pogonus testaceus|10
01-06|Schenking H. Bosz.; Carabidae 11|Pogonus rufoaeneus|12
01-06|Schenking H. Bosz.; Carabidae 11|Pogonus iridipennis|1
01-06|Schenking H. Bosz.; Carabidae 11|Patrobus atrorufus|8
01-06|Schenking H. Bosz.; Carabidae 11|Deltomerus tatricus|1
01-06|Schenking H. Bosz.; Carabidae 11|Deltomerus rufipennis|1
01-06|Schenking H. Bosz.; Carabidae 11|Perigona nigriceps|1
01-06|Schenking H. Bosz.; Carabidae 11|Dixus clypeatus|10
01-06|Schenking H. Bosz.; Carabidae 11|Dixus capito|2
01-06|Schenking H. Bosz.; Carabidae 11|Dixus spherocephalus|3
01-06|Schenking H. Bosz.; Carabidae 11|Dixus obscurus|7
01-06|Schenking H. Bosz.; Carabidae 11|Dixus eremita|3
01-06|Schenking H. Bosz.; Carabidae 11|Anisodactylus binotatus|8
01-06|Schenking H. Bosz.; Carabidae 11|Anisodactylus nemorivagus|2
01-06|Schenking H. Bosz.; Carabidae 11|Anisodactylus signatus|1
01-06|Schenking H. Bosz.; Carabidae 11|Anisodactylus poeciloides|1
01-06|Schenking H. Bosz.; Carabidae 11|Anisodactylus heros|1
01-06|Schenking H. Bosz.; Carabidae 11|Gynandromorphus etruscus|1
01-06|Schenking H. Bosz.; Carabidae 11|Diachromus germanus|5
01-06|Schenking H. Bosz.; Carabidae 11|Carterus calydonius|6
01-06|Schenking H. Bosz.; Carabidae 11|Carterus amicorum|1
01-06|Schenking H. Bosz.; Carabidae 11|Carterus cephalotus|1
01-06|Schenking H. Bosz.; Carabidae 11|Carterus cordatus|1
01-06|Schenking H. Bosz.; Carabidae 11|Carterus robustus|4
01-06|Schenking H. Bosz.; Carabidae 11|Carterus fulvipes|1
01-07|Schenking H. Bosz.; Carabidae 12|Trichotichnus laevicollis|10
01-07|Schenking H. Bosz.; Carabidae 12|Trichotichnus nitens|3
01-07|Schenking H. Bosz.; Carabidae 12|Trichotichnus rimanus|4
01-07|Schenking H. Bosz.; Carabidae 12|Harpalus cephalotus|1
01-07|Schenking H. Bosz.; Carabidae 12|Harpalus flavescens|4
01-07|Schenking H. Bosz.; Carabidae 12|Harpalus froelichi|1
01-07|Schenking H. Bosz.; Carabidae 12|Harpalus affinis|10
01-07|Schenking H. Bosz.; Carabidae 12|Harpalus distinguendus|5
01-07|Schenking H. Bosz.; Carabidae 12|Harpalus smaragdinus|1
01-07|Schenking H. Bosz.; Carabidae 12|Harpalus dimidiatus|4
01-07|Schenking H. Bosz.; Carabidae 12|Harpalus attenuatus|1
01-07|Schenking H. Bosz.; Carabidae 12|Harpalus atratus|1
01-07|Schenking H. Bosz.; Carabidae 12|Harpalus solitaris|1
01-07|Schenking H. Bosz.; Carabidae 12|Harpalus latus|1
01-07|Schenking H. Bosz.; Carabidae 12|Harpalus marginellus|5
01-07|Schenking H. Bosz.; Carabidae 12|Harpalus rubripes|1
01-07|Schenking H. Bosz.; Carabidae 12|Harpalus sulphuripes|5
01-07|Schenking H. Bosz.; Carabidae 12|Harpalus honestus|8
01-07|Schenking H. Bosz.; Carabidae 12|Harpalus rufipalpis|3
01-07|Schenking H. Bosz.; Carabidae 12|Harpalus neglectus|1
01-07|Schenking H. Bosz.; Carabidae 12|Harpalus autumnalis|1
01-07|Schenking H. Bosz.; Carabidae 12|Harpalus melancholicus|1
01-07|Schenking H. Bosz.; Carabidae 12|Harpalus picipennis|2
01-07|Schenking H. Bosz.; Carabidae 12|Harpalus pumilus|1
01-07|Schenking H. Bosz.; Carabidae 12|Harpalus servus|1
01-07|Schenking H. Bosz.; Carabidae 12|Harpalus politus|1
01-07|Schenking H. Bosz.; Carabidae 12|Harpalus tardus|2
01-07|Schenking H. Bosz.; Carabidae 12|Harpalus modestus|2
01-07|Schenking H. Bosz.; Carabidae 12|Harpalus anxius|3
01-07|Schenking H. Bosz.; Carabidae 12|Harpalus subcylindricus|1
01-07|Schenking H. Bosz.; Carabidae 12|Harpalus serripes|10
01-07|Schenking H. Bosz.; Carabidae 12|Harpalus punctipennis|2
01-07|Schenking H. Bosz.; Carabidae 12|Ophonus subulicola|3
01-07|Schenking H. Bosz.; Carabidae 12|Ophonus oblongus|1
01-07|Schenking H. Bosz.; Carabidae 12|Ophonus stictus|10
01-07|Schenking H. Bosz.; Carabidae 12|Ophonus ardosiacus|6
01-07|Schenking H. Bosz.; Carabidae 12|Ophonus subquadratus|2
01-07|Schenking H. Bosz.; Carabidae 12|Ophonus ribricollis|2
01-07|Schenking H. Bosz.; Carabidae 12|Ophonus azureus|1
01-07|Schenking H. Bosz.; Carabidae 12|Ophonus rufibarbis|4
01-07|Schenking H. Bosz.; Carabidae 12|Ophonus schaubergerianus|9
01-07|Schenking H. Bosz.; Carabidae 12|Ophonus cordatus|2
01-07|Schenking H. Bosz.; Carabidae 12|Ophonus nitidulus|1
01-07|Schenking H. Bosz.; Carabidae 12|Ophonus puncticollis|6
01-07|Schenking H. Bosz.; Carabidae 12|Ophonus melleti|1
01-07|Schenking H. Bosz.; Carabidae 12|Ophonus rupicola|1
01-07|Schenking H. Bosz.; Carabidae 12|Ophonus puncticeps|10
01-07|Schenking H. Bosz.; Carabidae 12|Ophonus rotundatus|1
01-07|Schenking H. Bosz.; Carabidae 12|Pseudoophonus rufipes|8
01-07|Schenking H. Bosz.; Carabidae 12|Pseudoophonus griseus|10
01-07|Schenking H. Bosz.; Carabidae 12|Pseudoophonus calceatus|2
01-08|Schenking H. Bosz.; Carabidae 13|Abacetus salzmanni|10
01-08|Schenking H. Bosz.; Carabidae 13|Acinopus picipes|8
01-08|Schenking H. Bosz.; Carabidae 13|Acinopus megacephalus|4
01-08|Schenking H. Bosz.; Carabidae 13|Acinopus ammophilus|6
01-08|Schenking H. Bosz.; Carabidae 13|Tapinopterus creticus|1
01-08|Schenking H. Bosz.; Carabidae 13|Tapinopterus monastirensis|1
01-08|Schenking H. Bosz.; Carabidae 13|Tapinopterus laticornis|15
01-08|Schenking H. Bosz.; Carabidae 13|Stenolophus teutonus|8
01-08|Schenking H. Bosz.; Carabidae 13|Stenolophus skrimshiranus|8
01-08|Schenking H. Bosz.; Carabidae 13|Stenolophus discophorus|12
01-08|Schenking H. Bosz.; Carabidae 13|Stenolophus mixtus|10
01-08|Schenking H. Bosz.; Carabidae 13|Dicheirotrichus gustavi|8
01-08|Schenking H. Bosz.; Carabidae 13|Dicheirotrichus obsoletus|8
01-08|Schenking H. Bosz.; Carabidae 13|Dicheirotrichus pallidus|5
01-08|Schenking H. Bosz.; Carabidae 13|Trichocellus placidus|3
01-08|Schenking H. Bosz.; Carabidae 13|Trichocellus cognatus|3
01-08|Schenking H. Bosz.; Carabidae 13|Bradycellus verbasci|1
01-08|Schenking H. Bosz.; Carabidae 13|Bradycellus sharpii|1
01-08|Schenking H. Bosz.; Carabidae 13|Bradycellus harpalinus|8
01-08|Schenking H. Bosz.; Carabidae 13|Bradycellus csikii|1
01-08|Schenking H. Bosz.; Carabidae 13|Bradycellus caucasicus|4
01-08|Schenking H. Bosz.; Carabidae 13|Acupalpus elegans|5
01-08|Schenking H. Bosz.; Carabidae 13|Acupalpus flavicollis|5
01-08|Schenking H. Bosz.; Carabidae 13|Acupalpus brunnipes|3
01-08|Schenking H. Bosz.; Carabidae 13|Acupalpus meridianus|8
01-08|Schenking H. Bosz.; Carabidae 13|Acupalpus parvulus|10
01-08|Schenking H. Bosz.; Carabidae 13|Acupalpus maculatus|2
01-08|Schenking H. Bosz.; Carabidae 13|Acupalpus dubius|3
01-08|Schenking H. Bosz.; Carabidae 13|Acupalpus luteatus|5
01-08|Schenking H. Bosz.; Carabidae 13|Acupalpus exiguus|8
01-08|Schenking H. Bosz.; Carabidae 13|Acupalpus notatus|6
01-08|Schenking H. Bosz.; Carabidae 13|Anthracus consputus|1
01-08|Schenking H. Bosz.; Carabidae 13|Amblystomus picinus|1
01-08|Schenking H. Bosz.; Carabidae 13|Egadroma marginata|3
01-08|Schenking H. Bosz.; Carabidae 13|Stomis pumicatus|2
01-08|Schenking H. Bosz.; Carabidae 13|Stomis rostratus|9
01-08|Schenking H. Bosz.; Carabidae 13|Poecilus kugelanni|3
01-08|Schenking H. Bosz.; Carabidae 13|Poecilus koyi|4
01-08|Schenking H. Bosz.; Carabidae 13|Poecilus sericeus|2
01-08|Schenking H. Bosz.; Carabidae 13|Poecilus cupreus|8
01-08|Schenking H. Bosz.; Carabidae 13|Poecilus versicolor|8
01-08|Schenking H. Bosz.; Carabidae 13|Poecilus cursorius|2
01-08|Schenking H. Bosz.; Carabidae 13|Poecilus lepidus|16
01-09|Schenking H. Bosz.; Carabidae 8|Aphaenops crypticola|3
01-09|Schenking H. Bosz.; Carabidae 8|Aphaenops hustachei|1
01-09|Schenking H. Bosz.; Carabidae 8|Aphaenops cerberus|10
01-09|Schenking H. Bosz.; Carabidae 8|Aphaenops pluto|11
01-09|Schenking H. Bosz.; Carabidae 8|Aphaenops jeanneli|10
01-09|Schenking H. Bosz.; Carabidae 8|Aphaenops leschenaulti|13
01-09|Schenking H. Bosz.; Carabidae 8|Aphaenops vandeli|14
01-09|Schenking H. Bosz.; Carabidae 8|Aphaenops cabidochei|5
01-09|Schenking H. Bosz.; Carabidae 8|Speotrechus mayeti|10
01-09|Schenking H. Bosz.; Carabidae 8|Boldoriella carminatii|8
01-09|Schenking H. Bosz.; Carabidae 8|Boldoriella carminatii bucciarella|2
01-09|Schenking H. Bosz.; Carabidae 8|Boldoriella humeralis|5
01-09|Schenking H. Bosz.; Carabidae 8|Boldoriella humeralis boldorii|10
01-09|Schenking H. Bosz.; Carabidae 8|Boldoriella knauthi binaghii|1
01-09|Schenking H. Bosz.; Carabidae 8|Boldoriella gratiae|1
01-09|Schenking H. Bosz.; Carabidae 8|Boldoriella monguzzi|1
01-09|Schenking H. Bosz.; Carabidae 8|Allegrettia boldorii|1
01-09|Schenking H. Bosz.; Carabidae 8|Allegrettia pavani|2
01-09|Schenking H. Bosz.; Carabidae 8|Neotrechus suturalis|4
01-09|Schenking H. Bosz.; Carabidae 8|Orotrechus giordani|12
01-09|Schenking H. Bosz.; Carabidae 8|Orotrechus fabianii|12
01-09|Schenking H. Bosz.; Carabidae 8|Orotrechus robustus|4
01-09|Schenking H. Bosz.; Carabidae 8|Orotrechus targionii pasubianus|1
01-09|Schenking H. Bosz.; Carabidae 8|Orotrechus targioni alticola|1
01-09|Schenking H. Bosz.; Carabidae 8|Orotrechus ganglbaueri|10
01-09|Schenking H. Bosz.; Carabidae 8|Orotrechus holdausii|8
01-09|Schenking H. Bosz.; Carabidae 8|Orotrechus holdausii buchiarella|5
01-09|Schenking H. Bosz.; Carabidae 8|Orotrechus venitianus cellinea|1
01-09|Schenking H. Bosz.; Carabidae 8|Orotrechus venitianus|1
01-09|Schenking H. Bosz.; Carabidae 8|Orotrechus stephani roboretanus|1
01-09|Schenking H. Bosz.; Carabidae 8|Orotrechus cavallensis|12
01-09|Schenking H. Bosz.; Carabidae 8|Orotrechus fortii|2
01-09|Schenking H. Bosz.; Carabidae 8|Orotrechus ruffoi|1
01-09|Schenking H. Bosz.; Carabidae 8|Orotrechus pomini|1
01-09|Schenking H. Bosz.; Carabidae 8|Orotrechus gestroi|4
01-09|Schenking H. Bosz.; Carabidae 8|Orotrechus springeri|12
01-09|Schenking H. Bosz.; Carabidae 8|Orotrechus jucci|4
01-09|Schenking H. Bosz.; Carabidae 8|Orotrechus jamae|1
01-09|Schenking H. Bosz.; Carabidae 8|Orotrechus forojulentis|2
01-09|Schenking H. Bosz.; Carabidae 8|Orotrechus montisragogna|1
01-09|Schenking H. Bosz.; Carabidae 8|Orotrechus terretassoi|14
01-09|Schenking H. Bosz.; Carabidae 8|Orotrechus winkleri|12
01-09|Schenking H. Bosz.; Carabidae 8|Orotrechus longicornis|1
01-09|Schenking H. Bosz.; Carabidae 8|Trichaphaenops gounelli|3
01-09|Schenking H. Bosz.; Carabidae 8|Trichaphaenops launi marguareisensis|1
01-09|Schenking H. Bosz.; Carabidae 8|Anophtalmus tolminensis|1
01-09|Schenking H. Bosz.; Carabidae 8|Anophtalmus erebus|1
01-09|Schenking H. Bosz.; Carabidae 8|Duvalius delphinensis|2
01-09|Schenking H. Bosz.; Carabidae 8|Duvalius balazuci|3
01-09|Schenking H. Bosz.; Carabidae 8|Duvalius adamellensis|8
01-09|Schenking H. Bosz.; Carabidae 8|Duvalius baldensis cartolarii|6
01-09|Schenking H. Bosz.; Carabidae 8|Duvalius boldorii leonidae|4
01-09|Schenking H. Bosz.; Carabidae 8|Duvalius boldorii veghezzae|1
01-09|Schenking H. Bosz.; Carabidae 8|Duvalius bonadonius|3
01-09|Schenking H. Bosz.; Carabidae 8|Duvalius brujasi|2
01-09|Schenking H. Bosz.; Carabidae 8|Duvalius coraginis hypochaeus|2
01-09|Schenking H. Bosz.; Carabidae 8|Duvalius lemairei|3
01-09|Schenking H. Bosz.; Carabidae 8|Duvalius longii|1
01-09|Schenking H. Bosz.; Carabidae 8|Duvalius ochsi|3
01-09|Schenking H. Bosz.; Carabidae 8|Duvalius vaccai|1
01-09|Schenking H. Bosz.; Carabidae 8|Duvalius wingelmulleri|1
01-09|Schenking H. Bosz.; Carabidae 8|Duvalius winklerianus brescianus|10
01-09|Schenking H. Bosz.; Carabidae 8|Duvalius boldorii|12
01-09|Schenking H. Bosz.; Carabidae 8|Duvalius procerus|2
01-09|Schenking H. Bosz.; Carabidae 8|Italaphaenops dimaioi|1
01-09|Schenking H. Bosz.; Carabidae 8|Anillus caecus|1
01-09|Schenking H. Bosz.; Carabidae 8|Typhlotrechus bilimeki|12
01-09|Schenking H. Bosz.; Carabidae 8|Aphaenops loubensi|2
01-10|Schenking H. Bosz.; Carabidae 14|Pterostichus unctulatus|7
01-10|Schenking H. Bosz.; Carabidae 14|Pterostichus subsinuatus|1
01-10|Schenking H. Bosz.; Carabidae 14|Pterostichus pumilio|5
01-10|Schenking H. Bosz.; Carabidae 14|Pterostichus brevis|1
01-10|Schenking H. Bosz.; Carabidae 14|Pterostichus blumenthali|1
01-10|Schenking H. Bosz.; Carabidae 14|Pterostichus strenuus|10
01-10|Schenking H. Bosz.; Carabidae 14|Pterostichus diligens|3
01-10|Schenking H. Bosz.; Carabidae 14|Pterostichus vernalis|10
01-10|Schenking H. Bosz.; Carabidae 14|Pterostichus nigrita|8
01-10|Schenking H. Bosz.; Carabidae 14|Pterostichus anthracinus|1
01-10|Schenking H. Bosz.; Carabidae 14|Pterostichus minor|4
01-10|Schenking H. Bosz.; Carabidae 14|Pterostichus macer|1
01-10|Schenking H. Bosz.; Carabidae 14|Pterostichus oblongopunctatus|8
01-10|Schenking H. Bosz.; Carabidae 14|Pterostichus quadrifoveolatus|1
01-10|Schenking H. Bosz.; Carabidae 14|Pterostichus melanarius|8
01-10|Schenking H. Bosz.; Carabidae 14|Pterostichus aterrimus|4
01-10|Schenking H. Bosz.; Carabidae 14|Pterostichus niger|6
01-10|Schenking H. Bosz.; Carabidae 14|Pterostichus madidus|12
01-10|Schenking H. Bosz.; Carabidae 14|Pterostichus melas|8
01-10|Schenking H. Bosz.; Carabidae 14|Pterostichus burmeisterie|8
01-10|Schenking H. Bosz.; Carabidae 14|Pterostichus burmeisterie ssp. baldensis|8
01-10|Schenking H. Bosz.; Carabidae 14|Pterostichus selmanni|8
01-10|Schenking H. Bosz.; Carabidae 14|Pterostichus variolatus|4
01-10|Schenking H. Bosz.; Carabidae 14|Pterostichus jurinei|10
01-10|Schenking H. Bosz.; Carabidae 14|Pterostichus morio|10
01-10|Schenking H. Bosz.; Carabidae 14|Pterostichus multipunctatus|10
01-10|Schenking H. Bosz.; Carabidae 14|Pterostichus fasciatopunctatus|8
01-10|Schenking H. Bosz.; Carabidae 14|Pterostichus ziegleri|1
01-10|Schenking H. Bosz.; Carabidae 14|Pterostichus panzeri|2
01-10|Schenking H. Bosz.; Carabidae 14|Pterostichus cristatus|8
01-10|Schenking H. Bosz.; Carabidae 14|Pterostichus hagenbachi|5
01-10|Schenking H. Bosz.; Carabidae 14|Pterostichus bicolor|8
01-10|Schenking H. Bosz.; Carabidae 14|Pterostichus globosus|2
01-10|Schenking H. Bosz.; Carabidae 14|Pterostichus femoratus|6
01-10|Schenking H. Bosz.; Carabidae 14|Pterostichus dufouri|2
01-10|Schenking H. Bosz.; Carabidae 14|Pterostichus amaroides|2
01-10|Schenking H. Bosz.; Carabidae 14|Pterostichus abacoides|2
01-10|Schenking H. Bosz.; Carabidae 14|Pterostichus xatarti|8
01-10|Schenking H. Bosz.; Carabidae 14|Pterostichus funestes|8
01-10|Schenking H. Bosz.; Carabidae 14|Pterostichus fossulatus|1
01-10|Schenking H. Bosz.; Carabidae 14|Pterostichus crenatus|1
01-10|Schenking H. Bosz.; Carabidae 14|Pterostichus boisgiraudi|8
01-10|Schenking H. Bosz.; Carabidae 14|Pterostichus yvani|1
01-11|Schenking H. Bosz.; Carabidae 15|Pterostichus truncatus|3
01-11|Schenking H. Bosz.; Carabidae 15|Pterostichus schmidti|1
01-11|Schenking H. Bosz.; Carabidae 15|Pterostichus vagepunctatus|2
01-11|Schenking H. Bosz.; Carabidae 15|Pterostichus impressicollis|1
01-11|Schenking H. Bosz.; Carabidae 15|Pterostichus amoenus|5
01-11|Schenking H. Bosz.; Carabidae 15|Percus villai|1
01-11|Schenking H. Bosz.; Carabidae 15|Percus strictus|1
01-11|Schenking H. Bosz.; Carabidae 15|Troglorites ochsi|1
01-11|Schenking H. Bosz.; Carabidae 15|Speluncarius stephani|5
01-11|Schenking H. Bosz.; Carabidae 15|Myas chalybaeus|2
01-11|Schenking H. Bosz.; Carabidae 15|Molops elatus|2
01-11|Schenking H. Bosz.; Carabidae 15|Molops piceus|7
01-11|Schenking H. Bosz.; Carabidae 15|Molops austricus|10
01-11|Schenking H. Bosz.; Carabidae 15|Molops ovipennis|8
01-11|Schenking H. Bosz.; Carabidae 15|Molops striolatus|8
01-11|Schenking H. Bosz.; Carabidae 15|Lychnifugus cerberus|4
01-11|Schenking H. Bosz.; Carabidae 15|Abax parallelepipedus|8
01-11|Schenking H. Bosz.; Carabidae 15|Abax parallelus|5
01-11|Schenking H. Bosz.; Carabidae 15|Abax ovalis|8
01-11|Schenking H. Bosz.; Carabidae 15|Abax carinatus|4
01-11|Schenking H. Bosz.; Carabidae 15|Abax schueppeli|1
01-11|Schenking H. Bosz.; Carabidae 15|Abax pyrenaeus|2
01-11|Schenking H. Bosz.; Carabidae 15|Platyderus ruficollis|2
01-11|Schenking H. Bosz.; Carabidae 15|Synuchus vivalis|4
01-11|Schenking H. Bosz.; Carabidae 15|Calathus fuscipes|7
01-11|Schenking H. Bosz.; Carabidae 15|Calathus longicollis|10
01-11|Schenking H. Bosz.; Carabidae 15|Calathus erratus|8
01-11|Schenking H. Bosz.; Carabidae 15|Calathus ambiguus|2
01-11|Schenking H. Bosz.; Carabidae 15|Calathus granatensis|1
01-11|Schenking H. Bosz.; Carabidae 15|Calathus micropterus|9
01-11|Schenking H. Bosz.; Carabidae 15|Calathus melanocephalus|9
01-11|Schenking H. Bosz.; Carabidae 15|Calathus ochropterus|4
01-11|Schenking H. Bosz.; Carabidae 15|Calathus rotundicollis|8
01-11|Schenking H. Bosz.; Carabidae 15|Calathus hispanicus|1
01-11|Schenking H. Bosz.; Carabidae 15|Dolichus halensis|1
01-11|Schenking H. Bosz.; Carabidae 15|Sphodrus leucophthalmus|1
01-11|Schenking H. Bosz.; Carabidae 15|Laemostenus janthinus|8
01-11|Schenking H. Bosz.; Carabidae 15|Laemostenus terricola|4
01-11|Schenking H. Bosz.; Carabidae 15|Laemostenus pisidicus|2
01-11|Schenking H. Bosz.; Carabidae 15|Laemostenus complanatus|2
01-11|Schenking H. Bosz.; Carabidae 15|Laemostenus oblongus|12
01-11|Schenking H. Bosz.; Carabidae 15|Euthosphodrus navaricus|5
01-11|Schenking H. Bosz.; Carabidae 15|Sphodropsis ghiliani|6
01-11|Schenking H. Bosz.; Carabidae 15|Antisphodrus schreibersi|12
01-11|Schenking H. Bosz.; Carabidae 15|Antisphodrus cavicola|2
01-11|Schenking H. Bosz.; Carabidae 15|Antisphodrus reissi|1
01-11|Schenking H. Bosz.; Carabidae 15|Antisphodrus boldorii|10
01-11|Schenking H. Bosz.; Carabidae 15|Antisphodrus insubricus|1
01-12|Schenking H. Bosz.; Carabidae 16|Olistophus roduntatus|8
01-12|Schenking H. Bosz.; Carabidae 16|Olistophus glabricollis|4
01-12|Schenking H. Bosz.; Carabidae 16|Olistophus elongatus|2
01-12|Schenking H. Bosz.; Carabidae 16|Agonum impressum|1
01-12|Schenking H. Bosz.; Carabidae 16|Agonum sexpunctatum|8
01-12|Schenking H. Bosz.; Carabidae 16|Agonum ericeti|8
01-12|Schenking H. Bosz.; Carabidae 16|Agonum viridicupreum|17
01-12|Schenking H. Bosz.; Carabidae 16|Agonum marginatum|8
01-12|Schenking H. Bosz.; Carabidae 16|Agonum muelleri|8
01-12|Schenking H. Bosz.; Carabidae 16|Agonum viduum|10
01-12|Schenking H. Bosz.; Carabidae 16|Agonum moestum|8
01-12|Schenking H. Bosz.; Carabidae 16|Agonum nigrum|2
01-12|Schenking H. Bosz.; Carabidae 16|Agonum lugens|1
01-12|Schenking H. Bosz.; Carabidae 16|Agonum livens|10
01-12|Schenking H. Bosz.; Carabidae 16|Agonum micans|2
01-12|Schenking H. Bosz.; Carabidae 16|Agonum piceum|10
01-12|Schenking H. Bosz.; Carabidae 16|Agonum gracile|6
01-12|Schenking H. Bosz.; Carabidae 16|Agonum fuliginosum|8
01-12|Schenking H. Bosz.; Carabidae 16|Agonum pelidnum|8
01-12|Schenking H. Bosz.; Carabidae 16|Platynus scrobiculatus|4
01-12|Schenking H. Bosz.; Carabidae 16|Platynus assimilis|8
01-12|Schenking H. Bosz.; Carabidae 16|Platynus albipes|8
01-12|Schenking H. Bosz.; Carabidae 16|Platynus obscurus|8
01-12|Schenking H. Bosz.; Carabidae 16|Platynus cyaneus|10
01-12|Schenking H. Bosz.; Carabidae 16|Platynus dorsalis|8
01-12|Schenking H. Bosz.; Carabidae 16|Platynus teriolensis|8
01-12|Schenking H. Bosz.; Carabidae 16|Platynus peirolerii|10
01-12|Schenking H. Bosz.; Carabidae 16|Zabrus tenebrioides|2
01-12|Schenking H. Bosz.; Carabidae 16|Zabrus obesus|8
01-12|Schenking H. Bosz.; Carabidae 16|Zabrus inflatus|1
01-12|Schenking H. Bosz.; Carabidae 16|Zabrus ignavus|1
01-12|Schenking H. Bosz.; Carabidae 16|Zabrus asiaticus|4
01-12|Schenking H. Bosz.; Carabidae 16|Zabrus politus|6
01-12|Schenking H. Bosz.; Carabidae 16|Zabrus oertzeni|1
01-12|Schenking H. Bosz.; Carabidae 16|Zabrus graecus|2
01-12|Schenking H. Bosz.; Carabidae 16|Zabrus trinii|5
01-12|Schenking H. Bosz.; Carabidae 16|Zabrus rotundicollis|6
01-12|Schenking H. Bosz.; Carabidae 16|Zabrus blapoides|1
01-12|Schenking H. Bosz.; Carabidae 16|Zabrus iconiensis|1
01-13|Schenking H. Bosz.; Carabidae 17|Amara plebeja|10
01-13|Schenking H. Bosz.; Carabidae 17|Amara tricuspidata|1
01-13|Schenking H. Bosz.; Carabidae 17|Amara similata|6
01-13|Schenking H. Bosz.; Carabidae 17|Amara ovata|3
01-13|Schenking H. Bosz.; Carabidae 17|Amara montivaga|7
01-13|Schenking H. Bosz.; Carabidae 17|Amara nitida|1
01-13|Schenking H. Bosz.; Carabidae 17|Amara convexior|8
01-13|Schenking H. Bosz.; Carabidae 17|Amara communis|5
01-13|Schenking H. Bosz.; Carabidae 17|Amara curta|9
01-13|Schenking H. Bosz.; Carabidae 17|Amara lunicollis|5
01-13|Schenking H. Bosz.; Carabidae 17|Amara aenea|10
01-13|Schenking H. Bosz.; Carabidae 17|Amara eyrinota|3
01-13|Schenking H. Bosz.; Carabidae 17|Amara spreta|3
01-13|Schenking H. Bosz.; Carabidae 17|Amara famelica|4
01-13|Schenking H. Bosz.; Carabidae 17|Amara familiaris|7
01-13|Schenking H. Bosz.; Carabidae 17|Amara anthobia|10
01-13|Schenking H. Bosz.; Carabidae 17|Amara lucida|4
01-13|Schenking H. Bosz.; Carabidae 17|Amara tibialis|1
01-13|Schenking H. Bosz.; Carabidae 17|Amara quenseli|6
01-13|Schenking H. Bosz.; Carabidae 17|Amara ingenua|1
01-13|Schenking H. Bosz.; Carabidae 17|Amara fusca|1
01-13|Schenking H. Bosz.; Carabidae 17|Amara cursitans|1
01-13|Schenking H. Bosz.; Carabidae 17|Amara bifrons|10
01-13|Schenking H. Bosz.; Carabidae 17|Amara infima|7
01-13|Schenking H. Bosz.; Carabidae 17|Amara brunnea|1
01-13|Schenking H. Bosz.; Carabidae 17|Amara fulva|7
01-13|Schenking H. Bosz.; Carabidae 17|Amara consularis|12
01-13|Schenking H. Bosz.; Carabidae 17|Amara majuscula|1
01-13|Schenking H. Bosz.; Carabidae 17|Amara apricaria|1
01-13|Schenking H. Bosz.; Carabidae 17|Amara aulica|4
01-13|Schenking H. Bosz.; Carabidae 17|Amara convexiuscula|8
01-13|Schenking H. Bosz.; Carabidae 17|Amara equestris|2
01-13|Schenking H. Bosz.; Carabidae 17|Amara alpestris|2
01-13|Schenking H. Bosz.; Carabidae 17|Amara eximia|1
01-13|Schenking H. Bosz.; Carabidae 17|Amara montana|12
01-14|Schenking H. Bosz.; Carabidae 18|Chlaenius spoliatus|6
01-14|Schenking H. Bosz.; Carabidae 18|Chlaenius festivus|8
01-14|Schenking H. Bosz.; Carabidae 18|Chlaenius velutinus|6
01-14|Schenking H. Bosz.; Carabidae 18|Chlaenius tristis|6
01-14|Schenking H. Bosz.; Carabidae 18|Chlaenius nigricornis|12
01-14|Schenking H. Bosz.; Carabidae 18|Chlaenius nitidulus|4
01-14|Schenking H. Bosz.; Carabidae 18|Chlaenius tibialis|2
01-14|Schenking H. Bosz.; Carabidae 18|Chlaenius vestitus|8
01-14|Schenking H. Bosz.; Carabidae 18|Chlaenius aeneocephalus|2
01-14|Schenking H. Bosz.; Carabidae 18|Chlaenius dives|2
01-14|Schenking H. Bosz.; Carabidae 18|Chlaenius flavipes|9
01-14|Schenking H. Bosz.; Carabidae 18|Callistus lunatus|3
01-14|Schenking H. Bosz.; Carabidae 18|Oodes helopiodes|8
01-14|Schenking H. Bosz.; Carabidae 18|Oodes gracilis|2
01-14|Schenking H. Bosz.; Carabidae 18|Licinus hoffmannseggi|2
01-14|Schenking H. Bosz.; Carabidae 18|Licinus silphoides|1
01-14|Schenking H. Bosz.; Carabidae 18|Licinus punctatulus|1
01-14|Schenking H. Bosz.; Carabidae 18|Badister unipustulatus|4
01-14|Schenking H. Bosz.; Carabidae 18|Badister bullatus|8
01-14|Schenking H. Bosz.; Carabidae 18|Badister elacertosus|2
01-14|Schenking H. Bosz.; Carabidae 18|Badister meridionalis|1
01-14|Schenking H. Bosz.; Carabidae 18|Badister sodalis|3
01-14|Schenking H. Bosz.; Carabidae 18|Badister dilatatus|2
01-14|Schenking H. Bosz.; Carabidae 18|Badister peltatus|8
01-14|Schenking H. Bosz.; Carabidae 18|Badister anomalus|1
01-14|Schenking H. Bosz.; Carabidae 18|Panagaeus crucmajor|10
01-14|Schenking H. Bosz.; Carabidae 18|Panagaeus bipustulatus|4
01-14|Schenking H. Bosz.; Carabidae 18|Odacantha melanura|10
01-14|Schenking H. Bosz.; Carabidae 18|Masoreus wetterhalli|4
01-14|Schenking H. Bosz.; Carabidae 18|Lebia chlorocephala|8
01-14|Schenking H. Bosz.; Carabidae 18|Lebia cyanocephala|12
01-14|Schenking H. Bosz.; Carabidae 18|Lebia rufipes|1
01-14|Schenking H. Bosz.; Carabidae 18|Lebia cruxminor|12
01-14|Schenking H. Bosz.; Carabidae 18|Lebia trimaculata|12
01-14|Schenking H. Bosz.; Carabidae 18|Lebia lepida|1
01-14|Schenking H. Bosz.; Carabidae 18|Demetrias atricapillus|6
01-14|Schenking H. Bosz.; Carabidae 18|Demetrias monostigma|10
01-14|Schenking H. Bosz.; Carabidae 18|Demetrias imperialis|5
01-14|Schenking H. Bosz.; Carabidae 18|Cymindis humeralis|4
01-14|Schenking H. Bosz.; Carabidae 18|Cymindis axillaris|11
01-14|Schenking H. Bosz.; Carabidae 18|Cymindis lineata|12
01-14|Schenking H. Bosz.; Carabidae 18|Cymindis coadunata|7
01-14|Schenking H. Bosz.; Carabidae 18|Cymindis ornata|1
01-14|Schenking H. Bosz.; Carabidae 18|Cymindis macularis|2
01-14|Schenking H. Bosz.; Carabidae 18|Cymindis vaporariorum|5
01-14|Schenking H. Bosz.; Carabidae 18|Cymindis angularis|1
01-14|Schenking H. Bosz.; Carabidae 18|Cymindis variolosa|12
01-14|Schenking H. Bosz.; Carabidae 18|Cymindis corax|3
01-14|Schenking H. Bosz.; Carabidae 18|Platytarus famini|2
01-15|Schenking H. Bosz.; Carabidae 19|Dromius longiceps|1
01-15|Schenking H. Bosz.; Carabidae 19|Dromius linearis|9
01-15|Schenking H. Bosz.; Carabidae 19|Dromius agilis|1
01-15|Schenking H. Bosz.; Carabidae 19|Dromius angustus|2
01-15|Schenking H. Bosz.; Carabidae 19|Dromius schneideri|1
01-15|Schenking H. Bosz.; Carabidae 19|Dromius fenestratus|1
01-15|Schenking H. Bosz.; Carabidae 19|Dromius quadrimaculatus|9
01-15|Schenking H. Bosz.; Carabidae 19|Dromius spilotus|7
01-15|Schenking H. Bosz.; Carabidae 19|Dromius bifasciatus|2
01-15|Schenking H. Bosz.; Carabidae 19|Dromius sigma|3
01-15|Schenking H. Bosz.; Carabidae 19|Dromius melanocephalus|10
01-15|Schenking H. Bosz.; Carabidae 19|Syntomus obscuroguttatus|4
01-15|Schenking H. Bosz.; Carabidae 19|Syntomus fuscomaculatus|12
01-15|Schenking H. Bosz.; Carabidae 19|Syntomus foveatus|5
01-15|Schenking H. Bosz.; Carabidae 19|Syntomus truncatellus|7
01-15|Schenking H. Bosz.; Carabidae 19|Lionychus quadrillum|8
01-15|Schenking H. Bosz.; Carabidae 19|Lionychus albonotatus|3
01-15|Schenking H. Bosz.; Carabidae 19|Microlestes minutulus|1
01-15|Schenking H. Bosz.; Carabidae 19|Microlestes maurus|8
01-15|Schenking H. Bosz.; Carabidae 19|Microlestes corticalis|3
01-15|Schenking H. Bosz.; Carabidae 19|Microlestes luctuosus|9
01-15|Schenking H. Bosz.; Carabidae 19|Polystichus connexus|3
01-15|Schenking H. Bosz.; Carabidae 19|Drypta dentata|2
01-15|Schenking H. Bosz.; Carabidae 19|Drypta distincta|1
01-15|Schenking H. Bosz.; Carabidae 19|Brachinus crepitans|10
01-15|Schenking H. Bosz.; Carabidae 19|Brachinus ganglbaueri|3
01-15|Schenking H. Bosz.; Carabidae 19|Brachinus bodemeyeri|1
01-15|Schenking H. Bosz.; Carabidae 19|Brachinus explodens|9
01-15|Schenking H. Bosz.; Carabidae 19|Brachinus sclopeta|10
01-15|Schenking H. Bosz.; Carabidae 19|Brachinus plagiatus|3
01-15|Schenking H. Bosz.; Carabidae 19|Brachinus ejaculans|1
01-15|Schenking H. Bosz.; Carabidae 19|Brachinus nigricorne|2
01-15|Schenking H. Bosz.; Carabidae 19|Brachinus immaculicornis|1
01-15|Schenking H. Bosz.; Carabidae 19|Brachinus exhalans|18
01-15|Schenking H. Bosz.; Carabidae 19|Brachinus humeralis|1
01-15|Schenking H. Bosz.; Carabidae 19|Brachinus brevicollis|1
01-15|Schenking H. Bosz.; Carabidae 19|Brachinus psophia|1
01-15|Schenking H. Bosz.; Carabidae 19|Brachinus bayardi|9
01-15|Schenking H. Bosz.; Carabidae 19|Aptinus bombarda|8
01-15|Schenking H. Bosz.; Carabidae 19|Aptinus displosor|2
01-15|Schenking H. Bosz.; Carabidae 19|Aptinus pyrenaeus|2
01-15|Schenking H. Bosz.; Carabidae 19|Aptinus alpinus|15
01-15|Schenking H. Bosz.; Carabidae 19|Aptinus cordicollis|10
01-15|Schenking H. Bosz.; Carabidae 19|Pheropsophus hispanicus|2
01-15|Schenking H. Bosz.; Carabidae 19|Pseudotrechus mutilatus|1
01-15|Schenking H. Bosz.; Carabidae 19|Apristus subaeneus|5
02-01|Schenking H. Bosz.; Chrysomelidae 1|Macroplea appendiculata|1
02-01|Schenking H. Bosz.; Chrysomelidae 1|Macroplea mutica|2
02-01|Schenking H. Bosz.; Chrysomelidae 1|Donacia clavipes|8
02-01|Schenking H. Bosz.; Chrysomelidae 1|Donacia appendiculata|6
02-01|Schenking H. Bosz.; Chrysomelidae 1|Donacia crassipes|5
02-01|Schenking H. Bosz.; Chrysomelidae 1|Donacia dentata|7
02-01|Schenking H. Bosz.; Chrysomelidae 1|Donacia versicolorea|1
02-01|Schenking H. Bosz.; Chrysomelidae 1|Donacia semicuprea|8
02-01|Schenking H. Bosz.; Chrysomelidae 1|Donacia malinowsky|1
02-01|Schenking H. Bosz.; Chrysomelidae 1|Donacia fennica|1
02-01|Schenking H. Bosz.; Chrysomelidae 1|Donacia sparganii|1
02-01|Schenking H. Bosz.; Chrysomelidae 1|Donacia aquatica|9
02-01|Schenking H. Bosz.; Chrysomelidae 1|Donacia impressa|4
02-01|Schenking H. Bosz.; Chrysomelidae 1|Donacia brevicornis|1
02-01|Schenking H. Bosz.; Chrysomelidae 1|Donacia marginata|10
02-01|Schenking H. Bosz.; Chrysomelidae 1|Donacia bicolor|10
02-01|Schenking H. Bosz.; Chrysomelidae 1|Donacia thalassina|8
02-01|Schenking H. Bosz.; Chrysomelidae 1|Donacia vulgaris|4
02-01|Schenking H. Bosz.; Chrysomelidae 1|Donacia simplex|10
02-01|Schenking H. Bosz.; Chrysomelidae 1|Donacia cinerea|8
02-01|Schenking H. Bosz.; Chrysomelidae 1|Donacia polita|2
02-01|Schenking H. Bosz.; Chrysomelidae 1|Plateumaris sericea|8
02-01|Schenking H. Bosz.; Chrysomelidae 1|Plateumaris braccata|7
02-01|Schenking H. Bosz.; Chrysomelidae 1|Plateumaris consimilis|8
02-01|Schenking H. Bosz.; Chrysomelidae 1|Plateumaris affinis|10
02-01|Schenking H. Bosz.; Chrysomelidae 1|Plateumaris rustica|9
02-01|Schenking H. Bosz.; Chrysomelidae 1|Orsodacne cerasi|3
02-01|Schenking H. Bosz.; Chrysomelidae 1|Zeugophora scutellaris|1
02-01|Schenking H. Bosz.; Chrysomelidae 1|Zeugophora subspinosa|8
02-01|Schenking H. Bosz.; Chrysomelidae 1|Zeugophora flavicollis|1
02-01|Schenking H. Bosz.; Chrysomelidae 1|Lema erichsoni|1
02-01|Schenking H. Bosz.; Chrysomelidae 1|Lema cyanella|1
02-01|Schenking H. Bosz.; Chrysomelidae 1|Lema lichinis|8
02-01|Schenking H. Bosz.; Chrysomelidae 1|Lema melanopus|8
02-01|Schenking H. Bosz.; Chrysomelidae 1|Lema dufschmidi|2
02-01|Schenking H. Bosz.; Chrysomelidae 1|Crioceris 12-punctata|10
02-01|Schenking H. Bosz.; Chrysomelidae 1|Crioceris 14-punctata|1
02-01|Schenking H. Bosz.; Chrysomelidae 1|Crioceris macilenta|1
02-01|Schenking H. Bosz.; Chrysomelidae 1|Crioceris asparagi|10
02-01|Schenking H. Bosz.; Chrysomelidae 1|Crioceris paracenthesis|1
02-01|Schenking H. Bosz.; Chrysomelidae 1|Lilioceris lilii|8
02-01|Schenking H. Bosz.; Chrysomelidae 1|Lilioceris merdigera|4
02-01|Schenking H. Bosz.; Chrysomelidae 1|Lilioceris tibialis|2
02-01|Schenking H. Bosz.; Chrysomelidae 1|Labiostomis dicipiens|10
02-01|Schenking H. Bosz.; Chrysomelidae 1|Labidostomis mesopotamica|8
02-01|Schenking H. Bosz.; Chrysomelidae 1|Labidostomis lucida|7
02-01|Schenking H. Bosz.; Chrysomelidae 1|Labidostomis longimana|10
02-01|Schenking H. Bosz.; Chrysomelidae 1|Labidostomis cyanicornis|1
02-01|Schenking H. Bosz.; Chrysomelidae 1|Labidostomis taxicornis|1
02-01|Schenking H. Bosz.; Chrysomelidae 1|Labidostomis lusitanica|2
02-01|Schenking H. Bosz.; Chrysomelidae 1|Macrolenes dentipes|18
02-01|Schenking H. Bosz.; Chrysomelidae 1|Tituboea biguttata|1
02-01|Schenking H. Bosz.; Chrysomelidae 1|Tituboea macropus|10
02-01|Schenking H. Bosz.; Chrysomelidae 1|Lachnea italica|8
02-01|Schenking H. Bosz.; Chrysomelidae 1|Lachnea pubescens|8
02-01|Schenking H. Bosz.; Chrysomelidae 1|Lachnea tristigma|7
02-01|Schenking H. Bosz.; Chrysomelidae 1|Lachnea vicina|2
02-01|Schenking H. Bosz.; Chrysomelidae 1|Lachnea orientalis|4
02-01|Schenking H. Bosz.; Chrysomelidae 1|Lachnea sexpunctata|5
03-01|Schenking H. Bosz.; Tenebrionidae 5|Bolitophagus reticulatus|14
03-01|Schenking H. Bosz.; Tenebrionidae 5|Diaperis boleti|12
03-01|Schenking H. Bosz.; Tenebrionidae 5|Scaphidema metallicus|4
03-01|Schenking H. Bosz.; Tenebrionidae 5|Crypticus quisquilius|2
03-01|Schenking H. Bosz.; Tenebrionidae 5|Eledona agaricola|2
03-01|Schenking H. Bosz.; Tenebrionidae 5|Hupophleus unicolor|7
03-01|Schenking H. Bosz.; Tenebrionidae 5|Hupophleus bicolor|1
03-01|Schenking H. Bosz.; Tenebrionidae 5|Hupophleus fraxini|1
03-01|Schenking H. Bosz.; Tenebrionidae 5|Palorus ratzeburgi|2
03-01|Schenking H. Bosz.; Tenebrionidae 5|Tribolium madens|1
03-01|Schenking H. Bosz.; Tenebrionidae 5|Phtora crenata|10
03-01|Schenking H. Bosz.; Tenebrionidae 5|Tenebrio molitor|8
03-01|Schenking H. Bosz.; Tenebrionidae 5|Alphitobius diaperinus|4
03-01|Schenking H. Bosz.; Tenebrionidae 5|Uloma culinaris|1
03-01|Schenking H. Bosz.; Tenebrionidae 5|Uloma perroudi|6
03-01|Schenking H. Bosz.; Tenebrionidae 5|Menephilus cylindricus|3
03-01|Schenking H. Bosz.; Tenebrionidae 5|Cossyphus dejaeni|1
03-01|Schenking H. Bosz.; Tenebrionidae 5|Cossyphus hoffmannseggi|2
03-01|Schenking H. Bosz.; Tenebrionidae 5|Cossyphus tauricus|9
03-01|Schenking H. Bosz.; Tenebrionidae 5|Enoplopus velikensis|6
03-01|Schenking H. Bosz.; Tenebrionidae 5|Gnathocerus cornutus|14
03-01|Schenking H. Bosz.; Tenebrionidae 5|Laena ganglbaueri|1
03-01|Schenking H. Bosz.; Tenebrionidae 5|Halammobia pellucida|1
03-01|Schenking H. Bosz.; Tenebrionidae 5|Phaleria provincialis|2
03-01|Schenking H. Bosz.; Tenebrionidae 5|Phaleria bimaculata|21
03-01|Schenking H. Bosz.; Tenebrionidae 5|Phaleria cadaverina|6
03-01|Schenking H. Bosz.; Tenebrionidae 5|Phaleria acuminata|10
03-01|Schenking H. Bosz.; Tenebrionidae 5|Raiboscelis corvinus|1
03-01|Schenking H. Bosz.; Tenebrionidae 5|Raiboscelis coelestinus|5
03-01|Schenking H. Bosz.; Tenebrionidae 5|Raiboscelis azureus|2
03-02|Schenking H. Bosz.; Tenebrionidae 6|Cylindronotus laevioctostriatus|12
03-02|Schenking H. Bosz.; Tenebrionidae 6|Cylindronotus convexus|2
03-02|Schenking H. Bosz.; Tenebrionidae 6|Cylindronotus dermestoides|1
03-02|Schenking H. Bosz.; Tenebrionidae 6|Stenomax aeneus|1
03-02|Schenking H. Bosz.; Tenebrionidae 6|Probaticus anthracinus|3
03-02|Schenking H. Bosz.; Tenebrionidae 6|Probaticus morio|10
03-02|Schenking H. Bosz.; Tenebrionidae 6|Belopus elongatus|1
03-02|Schenking H. Bosz.; Tenebrionidae 6|Zophosis osmanlis|1
03-02|Schenking H. Bosz.; Tenebrionidae 6|Zophosis punctata|21
03-02|Schenking H. Bosz.; Tenebrionidae 6|Zophosis bicarinata|10
03-02|Schenking H. Bosz.; Tenebrionidae 6|Zophosis minuta|1
03-02|Schenking H. Bosz.; Tenebrionidae 6|Stenosis sulcata|2
03-02|Schenking H. Bosz.; Tenebrionidae 6|Stenosis longipilis|1
03-02|Schenking H. Bosz.; Tenebrionidae 6|Stenosis quadricollis|3
03-02|Schenking H. Bosz.; Tenebrionidae 6|Stenosis sardoa|1
03-02|Schenking H. Bosz.; Tenebrionidae 6|Isocerus purpurascens|1
03-02|Schenking H. Bosz.; Tenebrionidae 6|Hegeter tristis|1
03-02|Schenking H. Bosz.; Tenebrionidae 6|Hegeter glaber|3
03-02|Schenking H. Bosz.; Tenebrionidae 6|Hegeter costipennis|8
03-02|Schenking H. Bosz.; Tenebrionidae 6|Hegeter impressus|20
03-02|Schenking H. Bosz.; Tenebrionidae 6|Heliotaurus sanguinicollis|3
03-03|Schenking H. Bosz.; Scarabaeidae 1|Trox perlatus|3
03-03|Schenking H. Bosz.; Scarabaeidae 1|Trox scaber|5
03-03|Schenking H. Bosz.; Scarabaeidae 1|Trox sabulosus|1
03-03|Schenking H. Bosz.; Scarabaeidae 1|Trox hispidus|1
03-03|Schenking H. Bosz.; Scarabaeidae 1|Trox fabricii|1
03-03|Schenking H. Bosz.; Scarabaeidae 1|Odontaeus armiger|1
03-03|Schenking H. Bosz.; Scarabaeidae 1|Bolbelasmus gallicus|2
03-03|Schenking H. Bosz.; Scarabaeidae 1|Ceratophyus hoffmannseggi|2
03-03|Schenking H. Bosz.; Scarabaeidae 1|Typhoeus typhoeus|8
03-03|Schenking H. Bosz.; Scarabaeidae 1|Typhoeus fossor|1
03-03|Schenking H. Bosz.; Scarabaeidae 1|Geotrupes mutator|2
03-03|Schenking H. Bosz.; Scarabaeidae 1|Geotrupes niger|6
03-03|Schenking H. Bosz.; Scarabaeidae 1|Geotrupes spiniger|4
03-03|Schenking H. Bosz.; Scarabaeidae 1|Geotrupes stercorarius|3
03-03|Schenking H. Bosz.; Scarabaeidae 1|Geotrupes stercorosus|6
03-03|Schenking H. Bosz.; Scarabaeidae 1|Geotrupes alpinus|2
03-03|Schenking H. Bosz.; Scarabaeidae 1|Geotrupes vernalis|6
03-03|Schenking H. Bosz.; Scarabaeidae 1|Geotrupes pyrenaeus|6
03-03|Schenking H. Bosz.; Scarabaeidae 1|Thorectus geminaticus|2
03-03|Schenking H. Bosz.; Scarabaeidae 1|Thorectus albaracinus|2
03-03|Schenking H. Bosz.; Scarabaeidae 1|Thorectus intermedius|3
03-03|Schenking H. Bosz.; Scarabaeidae 1|Lethrus apterus|1
03-03|Schenking H. Bosz.; Scarabaeidae 1|Scarabaeus armeniacus|9
03-03|Schenking H. Bosz.; Scarabaeidae 1|Scarabaeus sacer|5
03-03|Schenking H. Bosz.; Scarabaeidae 1|Scarabaeus pius|4
03-03|Schenking H. Bosz.; Scarabaeidae 1|Scarabaeus cicatricosus|2
03-03|Schenking H. Bosz.; Scarabaeidae 1|Scarabaeus typhon|3
03-03|Schenking H. Bosz.; Scarabaeidae 1|Scarabaeus laticollis|4
03-03|Schenking H. Bosz.; Scarabaeidae 1|Scarabaeus semipunctatus|5
03-03|Schenking H. Bosz.; Scarabaeidae 1|Gymnopleurus geoffroyi|6
03-03|Schenking H. Bosz.; Scarabaeidae 1|Gymnopleurus mopsus|4
03-03|Schenking H. Bosz.; Scarabaeidae 1|Gymnopleurus sturmi|1
03-03|Schenking H. Bosz.; Scarabaeidae 1|Gymnopleurus flagellatus|4
03-03|Schenking H. Bosz.; Scarabaeidae 1|Onitocellus festivus|6
03-03|Schenking H. Bosz.; Scarabaeidae 1|Onitocellus fulvus|10
03-03|Schenking H. Bosz.; Scarabaeidae 1|Onitocellus pallens|1
03-03|Schenking H. Bosz.; Scarabaeidae 1|Copris lunaris|6
03-03|Schenking H. Bosz.; Scarabaeidae 1|Copris hispanus|7
03-03|Schenking H. Bosz.; Scarabaeidae 1|Chironitis pamphilus|1
03-03|Schenking H. Bosz.; Scarabaeidae 1|Chironitis irroratus|3
03-03|Schenking H. Bosz.; Scarabaeidae 1|Chironitis furcifer|6
03-03|Schenking H. Bosz.; Scarabaeidae 1|Chironitis haroldi|3
03-03|Schenking H. Bosz.; Scarabaeidae 1|Onitis ion|1
03-03|Schenking H. Bosz.; Scarabaeidae 1|Onitis damoetas|2
03-03|Schenking H. Bosz.; Scarabaeidae 1|Onitis belial|4
03-03|Schenking H. Bosz.; Scarabaeidae 1|Onitis alexis|12
03-03|Schenking H. Bosz.; Scarabaeidae 1|Onitis humerosus|6
03-03|Schenking H. Bosz.; Scarabaeidae 1|Caccobius schreberi|7
03-03|Schenking H. Bosz.; Scarabaeidae 1|Caccobius histeroides|18
03-03|Schenking H. Bosz.; Scarabaeidae 1|Caccobius sordidus|2
03-03|Schenking H. Bosz.; Scarabaeidae 1|Bubas bison|3
03-03|Schenking H. Bosz.; Scarabaeidae 1|Bubas bubalus|2
03-03|Schenking H. Bosz.; Scarabaeidae 1|Sisyphus schaefferi|5
03-03|Schenking H. Bosz.; Scarabaeidae 1|Onitocellus pallipes|10
03-04|Schenking H. Bosz.; Scarabaeidae 2|Onthophagus amythae|8
03-04|Schenking H. Bosz.; Scarabaeidae 2|Onthophagus gibbosus|8
03-04|Schenking H. Bosz.; Scarabaeidae 2|Onthophagus taurus|10
03-04|Schenking H. Bosz.; Scarabaeidae 2|Onthophagus vitulus|1
03-04|Schenking H. Bosz.; Scarabaeidae 2|Onthophagus verticicornis|10
03-04|Schenking H. Bosz.; Scarabaeidae 2|Onthophagus ruficapillus|12
03-04|Schenking H. Bosz.; Scarabaeidae 2|Onthophagus grossepunctatus|5
03-04|Schenking H. Bosz.; Scarabaeidae 2|Onthophagus joannae|2
03-04|Schenking H. Bosz.; Scarabaeidae 2|Onthophagus furcatus|10
03-04|Schenking H. Bosz.; Scarabaeidae 2|Onthophagus lucidus|3
03-04|Schenking H. Bosz.; Scarabaeidae 2|Onthophagus lemur|3
03-04|Schenking H. Bosz.; Scarabaeidae 2|Onthophagus nuchicornis|2
03-04|Schenking H. Bosz.; Scarabaeidae 2|Onthophagus vaccai|10
03-04|Schenking H. Bosz.; Scarabaeidae 2|Onthophagus gibbulus|2
03-04|Schenking H. Bosz.; Scarabaeidae 2|Onthophagus fracticornis|5
03-04|Schenking H. Bosz.; Scarabaeidae 2|Onthophagus fissirostris|1
03-04|Schenking H. Bosz.; Scarabaeidae 2|Onthophagus similis|10
03-04|Schenking H. Bosz.; Scarabaeidae 2|Onthophagus illyricus|2
03-04|Schenking H. Bosz.; Scarabaeidae 2|Onthophagus punctatus|3
03-04|Schenking H. Bosz.; Scarabaeidae 2|Onthophagus baraudi|2
03-04|Schenking H. Bosz.; Scarabaeidae 2|Onthophagus opacicollis|10
03-04|Schenking H. Bosz.; Scarabaeidae 2|Onthophagus andalusicus|1
03-04|Schenking H. Bosz.; Scarabaeidae 2|Onthophagus truchmenus|8
03-04|Schenking H. Bosz.; Scarabaeidae 2|Onthophagus stylocerus|2
03-04|Schenking H. Bosz.; Scarabaeidae 2|Onthophagus atramentarius|1
03-04|Schenking H. Bosz.; Scarabaeidae 2|Onthophagus crocatus|1
03-04|Schenking H. Bosz.; Scarabaeidae 2|Onthophagus novaki|1
03-04|Schenking H. Bosz.; Scarabaeidae 2|Onthophagus marginalis|1
03-04|Schenking H. Bosz.; Scarabaeidae 2|Onthophagus aleppensis|1
03-04|Schenking H. Bosz.; Scarabaeidae 2|Onthophagus leucostigma|1
03-04|Schenking H. Bosz.; Scarabaeidae 2|Onthophagus sacharovskii|1
03-04|Schenking H. Bosz.; Scarabaeidae 2|Onthophagus suturellus|5
03-04|Schenking H. Bosz.; Scarabaeidae 2|Oxyomus silvestris|8
03-04|Schenking H. Bosz.; Scarabaeidae 2|Hybosorus arator|5
03-04|Schenking H. Bosz.; Scarabaeidae 2|Aegialia arenaria|15
03-04|Schenking H. Bosz.; Scarabaeidae 2|Aphodius erraticus|10
03-04|Schenking H. Bosz.; Scarabaeidae 2|Aphodius subterraneus|3
03-04|Schenking H. Bosz.; Scarabaeidae 2|Aphodius scrutator|8
03-04|Schenking H. Bosz.; Scarabaeidae 2|Aphodius fossor|8
03-04|Schenking H. Bosz.; Scarabaeidae 2|Aphodius haemorrhoidalis|10
03-04|Schenking H. Bosz.; Scarabaeidae 2|Aphodius brevis|1
03-04|Schenking H. Bosz.; Scarabaeidae 2|Aphodius elevatus|2
03-04|Schenking H. Bosz.; Scarabaeidae 2|Aphodius hydrochoeris|1
03-04|Schenking H. Bosz.; Scarabaeidae 2|Aphodius arenarius|1
03-04|Schenking H. Bosz.; Scarabaeidae 2|Aphodius rufipes|8
03-04|Schenking H. Bosz.; Scarabaeidae 2|Aphodius luridus|8
03-04|Schenking H. Bosz.; Scarabaeidae 2|Aphodius depressus|10
03-04|Schenking H. Bosz.; Scarabaeidae 2|Aphodius laticollis|5
03-04|Schenking H. Bosz.; Scarabaeidae 2|Aphodius mixtus|3
03-04|Schenking H. Bosz.; Scarabaeidae 2|Aphodius dentatus|4
03-04|Schenking H. Bosz.; Scarabaeidae 2|Aphodius equestris|1
03-04|Schenking H. Bosz.; Scarabaeidae 2|Aphodius castaneus|2
03-04|Schenking H. Bosz.; Scarabaeidae 2|Aphodius satellitus|2
03-04|Schenking H. Bosz.; Scarabaeidae 2|Aphodius zenkeri|8
03-04|Schenking H. Bosz.; Scarabaeidae 2|Aphodius pusillus|8
03-04|Schenking H. Bosz.; Scarabaeidae 2|Aphodius coenosus|10
03-04|Schenking H. Bosz.; Scarabaeidae 2|Aphodius paracoenosus|2
03-04|Schenking H. Bosz.; Scarabaeidae 2|Aphodius quadriguttatus|7
03-04|Schenking H. Bosz.; Scarabaeidae 2|Aphodius quadrimaculatus|1
03-04|Schenking H. Bosz.; Scarabaeidae 2|Aphodius biguttatus|3
03-04|Schenking H. Bosz.; Scarabaeidae 2|Aphodius sticticus|3
03-04|Schenking H. Bosz.; Scarabaeidae 2|Aphodius conspurcatus|2
03-04|Schenking H. Bosz.; Scarabaeidae 2|Aphodius distinctus|4
03-04|Schenking H. Bosz.; Scarabaeidae 2|Aphodius melanostictus|2
03-04|Schenking H. Bosz.; Scarabaeidae 2|Aphodius paykulli|3
03-04|Schenking H. Bosz.; Scarabaeidae 2|Aphodius obliteratus|1
03-04|Schenking H. Bosz.; Scarabaeidae 2|Aphodius lineolatus|5
03-04|Schenking H. Bosz.; Scarabaeidae 2|Aphodius contaminatus|8
03-04|Schenking H. Bosz.; Scarabaeidae 2|Aphodius reyi|2
03-04|Schenking H. Bosz.; Scarabaeidae 2|Aphodius sphacelatus|2
03-04|Schenking H. Bosz.; Scarabaeidae 2|Aphodius prodromus|8
03-04|Schenking H. Bosz.; Scarabaeidae 2|Aphodius consputus|1
03-04|Schenking H. Bosz.; Scarabaeidae 2|Aphodius bonnairei|1
03-04|Schenking H. Bosz.; Scarabaeidae 2|Aphodius obscurus|3
03-04|Schenking H. Bosz.; Scarabaeidae 2|Aphodius thermicola|2
03-04|Schenking H. Bosz.; Scarabaeidae 2|Aphodius porcus|1
03-04|Schenking H. Bosz.; Scarabaeidae 2|Aphodius scrofa|5
03-04|Schenking H. Bosz.; Scarabaeidae 2|Aphodius merdarius|5
03-04|Schenking H. Bosz.; Scarabaeidae 2|Aphodius tersus|1
03-04|Schenking H. Bosz.; Scarabaeidae 2|Aphodius conjugatus|2
03-04|Schenking H. Bosz.; Scarabaeidae 2|Aphodius foetidus|9
03-04|Schenking H. Bosz.; Scarabaeidae 2|Aphodius fimetarius|8
03-04|Schenking H. Bosz.; Scarabaeidae 2|Aphodius foetens|17
03-04|Schenking H. Bosz.; Scarabaeidae 2|Aphodius gibbus|10
03-04|Schenking H. Bosz.; Scarabaeidae 2|Aphodius piceus|1
03-04|Schenking H. Bosz.; Scarabaeidae 2|Aphodius ater|8
03-04|Schenking H. Bosz.; Scarabaeidae 2|Aphodius satyrus|2
03-04|Schenking H. Bosz.; Scarabaeidae 2|Aphodius constans|9
03-04|Schenking H. Bosz.; Scarabaeidae 2|Aphodius borealis|4
03-04|Schenking H. Bosz.; Scarabaeidae 2|Aphodius nemoralis|1
03-04|Schenking H. Bosz.; Scarabaeidae 2|Aphodius pyrenaeus|1
03-04|Schenking H. Bosz.; Scarabaeidae 2|Onthophagus ovatus|11
03-04|Schenking H. Bosz.; Scarabaeidae 2|Onthophagus coenobita|10
03-04|Schenking H. Bosz.; Scarabaeidae 2|Aphodius fasciatus|1
03-05|Schenking H. Bosz.; Scarabaeidae 3|Aphodius immundus|3
03-05|Schenking H. Bosz.; Scarabaeidae 3|Aphodius sordidus|6
03-05|Schenking H. Bosz.; Scarabaeidae 3|Aphodius ictericus|3
03-05|Schenking H. Bosz.; Scarabaeidae 3|Aphodius hardimaouensis|10
03-05|Schenking H. Bosz.; Scarabaeidae 3|Aphodius rufus|8
03-05|Schenking H. Bosz.; Scarabaeidae 3|Aphodius lugens|5
03-05|Schenking H. Bosz.; Scarabaeidae 3|Aphodius alpinus|10
03-05|Schenking H. Bosz.; Scarabaeidae 3|Aphodius corvinus|1
03-05|Schenking H. Bosz.; Scarabaeidae 3|Aphodius sturmi|3
03-05|Schenking H. Bosz.; Scarabaeidae 3|Aphodius plagiatus|1
03-05|Schenking H. Bosz.; Scarabaeidae 3|Aphodius brignolii|10
03-05|Schenking H. Bosz.; Scarabaeidae 3|Aphodius varians|6
03-05|Schenking H. Bosz.; Scarabaeidae 3|Aphodius vitellinus|3
03-05|Schenking H. Bosz.; Scarabaeidae 3|Aphodius niger|1
03-05|Schenking H. Bosz.; Scarabaeidae 3|Aphodius kraatzi|1
03-05|Schenking H. Bosz.; Scarabaeidae 3|Aphodius lividus|2
03-05|Schenking H. Bosz.; Scarabaeidae 3|Aphodius granarius|8
03-05|Schenking H. Bosz.; Scarabaeidae 3|Aphodius vittatus|10
03-05|Schenking H. Bosz.; Scarabaeidae 3|Aphodius franzinii|2
03-05|Schenking H. Bosz.; Scarabaeidae 3|Aphodius nanus|1
03-05|Schenking H. Bosz.; Scarabaeidae 3|Aphodius syriacus|3
03-05|Schenking H. Bosz.; Scarabaeidae 3|Aphodius lapponum|1
03-05|Schenking H. Bosz.; Scarabaeidae 3|Aphodius striatulus|1
03-05|Schenking H. Bosz.; Scarabaeidae 3|Aphodius pollicatus|1
03-05|Schenking H. Bosz.; Scarabaeidae 3|Ataenius horticola|2
03-05|Schenking H. Bosz.; Scarabaeidae 3|Heptaulacus carinatus|2
03-05|Schenking H. Bosz.; Scarabaeidae 3|Heptaulacus sus|12
03-05|Schenking H. Bosz.; Scarabaeidae 3|Psammodius percicollis|2
03-05|Schenking H. Bosz.; Scarabaeidae 3|Psammodius sulcicollis|3
03-05|Schenking H. Bosz.; Scarabaeidae 3|Psammodius laevipennis|1
03-05|Schenking H. Bosz.; Scarabaeidae 3|Rhyssemus germanus|2
03-05|Schenking H. Bosz.; Scarabaeidae 3|Diasticus vulneratus|1
03-05|Schenking H. Bosz.; Scarabaeidae 3|Pleurophorus caesus|2
03-05|Schenking H. Bosz.; Scarabaeidae 3|Serica brunnea|10
03-05|Schenking H. Bosz.; Scarabaeidae 3|Homalopia ruricola|1
03-05|Schenking H. Bosz.; Scarabaeidae 3|Homalopia hericius|1
03-05|Schenking H. Bosz.; Scarabaeidae 3|Homalopia iris|1
03-05|Schenking H. Bosz.; Scarabaeidae 3|Homalopia spirea|1
03-05|Schenking H. Bosz.; Scarabaeidae 3|Euserica lucipeta|12
03-05|Schenking H. Bosz.; Scarabaeidae 3|Euserica mutatat|2
03-05|Schenking H. Bosz.; Scarabaeidae 3|Triodonta bucculenta|2
03-05|Schenking H. Bosz.; Scarabaeidae 3|Miltotrogus aequinoctialis|1
03-05|Schenking H. Bosz.; Scarabaeidae 3|Miltotrogus escherichi|1
03-05|Schenking H. Bosz.; Scarabaeidae 3|Amphimallon solstitialis|8
03-05|Schenking H. Bosz.; Scarabaeidae 3|Amphimallon ochraceum|1
03-05|Schenking H. Bosz.; Scarabaeidae 3|Amphimallon atrum|4
03-05|Schenking H. Bosz.; Scarabaeidae 3|Amphimallon ruficome|1
03-05|Schenking H. Bosz.; Scarabaeidae 3|Amphimallon assimile|2
03-05|Schenking H. Bosz.; Scarabaeidae 3|Amphimallon majale|8
03-05|Schenking H. Bosz.; Scarabaeidae 3|Amphimallon pini|1
03-05|Schenking H. Bosz.; Scarabaeidae 3|Amphimallon caucasium|9
03-06|Schenking H. Bosz.; Scarabaeidae 7|Amphimallon vidua|12
03-06|Schenking H. Bosz.; Scarabaeidae 7|Amphimallon funesta|14
03-06|Schenking H. Bosz.; Scarabaeidae 7|Amphimallon fieberi|6
03-06|Schenking H. Bosz.; Scarabaeidae 7|Amphimallon hungarica|17
03-06|Schenking H. Bosz.; Scarabaeidae 7|Gnorimus nobilis|9
03-06|Schenking H. Bosz.; Scarabaeidae 7|Gnorimus octopunctatus|4
03-06|Schenking H. Bosz.; Scarabaeidae 7|Trichius fasciatus|6
03-06|Schenking H. Bosz.; Scarabaeidae 7|Trichius zonatus|8
03-06|Schenking H. Bosz.; Scarabaeidae 7|Trichius sexualis|1
03-06|Schenking H. Bosz.; Scarabaeidae 7|Osmoderma eremita|1
03-06|Schenking H. Bosz.; Scarabaeidae 7|Heterocnemus graece|8
05-01|Schenking H. Bosz.; Catopidae - Cleridae|Clerus mutillarius|6
05-01|Schenking H. Bosz.; Catopidae - Cleridae|Thanasimus formicarius|10
05-01|Schenking H. Bosz.; Catopidae - Cleridae|Tilloidea transversalis|12
05-01|Schenking H. Bosz.; Catopidae - Cleridae|Trichodes apiarius|8
05-01|Schenking H. Bosz.; Catopidae - Cleridae|Trichodes alvearius|8
05-01|Schenking H. Bosz.; Catopidae - Cleridae|Trichodes favarius|1
05-01|Schenking H. Bosz.; Catopidae - Cleridae|Trichodes leucopsideus|2
05-01|Schenking H. Bosz.; Catopidae - Cleridae|Trichodes quadriguttatus|9
05-01|Schenking H. Bosz.; Catopidae - Cleridae|Trichodes creticus|2
05-01|Schenking H. Bosz.; Catopidae - Cleridae|Trichodes nobilis|3
05-01|Schenking H. Bosz.; Catopidae - Cleridae|Trichodes heydeni|1
05-01|Schenking H. Bosz.; Catopidae - Cleridae|Trichodes crabroniformis|8
05-01|Schenking H. Bosz.; Catopidae - Cleridae|Trichodes punctatus|10
05-01|Schenking H. Bosz.; Catopidae - Cleridae|Trichodes ammios|1
05-01|Schenking H. Bosz.; Catopidae - Cleridae|Trichodes sipylus|10
05-01|Schenking H. Bosz.; Catopidae - Cleridae|Trichodes laminatus|10
05-01|Schenking H. Bosz.; Catopidae - Cleridae|Trichodes ganglbaueri|1
05-01|Schenking H. Bosz.; Catopidae - Cleridae|Trichodes umbellatarum|1
05-01|Schenking H. Bosz.; Catopidae - Cleridae|Trichodes sexpunctulata|4
05-01|Schenking H. Bosz.; Catopidae - Cleridae|Trichodes affinis|1
05-01|Schenking H. Bosz.; Catopidae - Cleridae|Trichodes octopunctatus|1
05-01|Schenking H. Bosz.; Catopidae - Cleridae|Trichodes smilis|3
05-01|Schenking H. Bosz.; Catopidae - Cleridae|Trichodes suspectus|2
05-01|Schenking H. Bosz.; Catopidae - Cleridae|Necrobia violacea|14
05-01|Schenking H. Bosz.; Catopidae - Cleridae|Opilo mollis|1
05-02|Schenking H. Bosz.; Elateridae; niet gedetermineerd|NN NN|105
05-03|Schenking H. Bosz.; Elateridae 3|Hypnoidus riparius|1
05-03|Schenking H. Bosz.; Elateridae 3|Negastrius pulchellus|1
05-03|Schenking H. Bosz.; Elateridae 3|Zorochrus quadriguttatus|12
05-03|Schenking H. Bosz.; Elateridae 3|Zorochrus dermestoides|12
05-03|Schenking H. Bosz.; Elateridae 3|Zorochrus dufouri|1
05-03|Schenking H. Bosz.; Elateridae 3|Zorochrus meridionalis|6
05-03|Schenking H. Bosz.; Elateridae 3|Zorochrus curtus|4
05-03|Schenking H. Bosz.; Elateridae 3|Zorochrus pilosellus|2
05-03|Schenking H. Bosz.; Elateridae 3|Quasimus minutissimus|1
05-03|Schenking H. Bosz.; Elateridae 3|Cardiophorus nigerrimus|1
05-03|Schenking H. Bosz.; Elateridae 3|Cardiophorus ruficollis|2
05-03|Schenking H. Bosz.; Elateridae 3|Cardiophorus rufipes|1
05-03|Schenking H. Bosz.; Elateridae 3|Cardiophorus ebeninus|2
05-03|Schenking H. Bosz.; Elateridae 3|Cardiophorus biguttatus|10
05-03|Schenking H. Bosz.; Elateridae 3|Dicronychus cinereus|10
05-03|Schenking H. Bosz.; Elateridae 3|Alous pareyssi|5
05-04|Schenking H. Bosz.; Elateridae 2|Ctenicera virens|5
05-04|Schenking H. Bosz.; Elateridae 2|Ctenicera heyeri|10
05-04|Schenking H. Bosz.; Elateridae 2|Ctenicera pectinicornis|4
05-04|Schenking H. Bosz.; Elateridae 2|Ctenicera cuprea|1
05-04|Schenking H. Bosz.; Elateridae 2|Actenicerus sjaelandicus|4
05-04|Schenking H. Bosz.; Elateridae 2|Prosternon tesselatum|9
05-04|Schenking H. Bosz.; Elateridae 2|Anostirus purpureus|7
05-04|Schenking H. Bosz.; Elateridae 2|Selatosomus aeneus|8
05-04|Schenking H. Bosz.; Elateridae 2|Selatosomus rugosus|3
05-04|Schenking H. Bosz.; Elateridae 2|Selatosomus latus|2
05-04|Schenking H. Bosz.; Elateridae 2|Selatosomus cruciatus|1
05-04|Schenking H. Bosz.; Elateridae 2|Selatosomus amplicollis|1
05-04|Schenking H. Bosz.; Elateridae 2|Denticollis linearis|4
05-04|Schenking H. Bosz.; Elateridae 2|Cidnopus pilosus|10
05-04|Schenking H. Bosz.; Elateridae 2|Cidnopus aeruginosus|4
05-04|Schenking H. Bosz.; Elateridae 2|Cidnopus minutus|12
05-04|Schenking H. Bosz.; Elateridae 2|Cidnopus parvulus|4
05-04|Schenking H. Bosz.; Elateridae 2|Cidnopus quercus|3
05-04|Schenking H. Bosz.; Elateridae 2|Isidus moreli|4
05-04|Schenking H. Bosz.; Elateridae 2|Stenagostus rufus|2
05-04|Schenking H. Bosz.; Elateridae 2|Pseudathous niger|6
05-04|Schenking H. Bosz.; Elateridae 2|Athous haemorrhoidalis|10
05-04|Schenking H. Bosz.; Elateridae 2|Athous vittatus|9
05-04|Schenking H. Bosz.; Elateridae 2|Athous subfuscus|12
05-05|Schenking H. Bosz.; Elateridae|Ampedus balteatus|12
05-05|Schenking H. Bosz.; Elateridae|Ampedus praeustus|1
05-05|Schenking H. Bosz.; Elateridae|Ampedus nigerrimus|1
05-05|Schenking H. Bosz.; Elateridae|Ampedus sanguineus|10
05-05|Schenking H. Bosz.; Elateridae|Ampedus pomonae|1
05-05|Schenking H. Bosz.; Elateridae|Ampedus sanguinolentus|3
05-05|Schenking H. Bosz.; Elateridae|Ampedus pomorum|10
05-05|Schenking H. Bosz.; Elateridae|Elater ferrugineus|8
05-05|Schenking H. Bosz.; Elateridae|Sericus brunneus|6
05-05|Schenking H. Bosz.; Elateridae|Dalopius marginatus|12
05-05|Schenking H. Bosz.; Elateridae|Agriotes aterrimus|10
05-05|Schenking H. Bosz.; Elateridae|Agriotes pallidulus|2
05-05|Schenking H. Bosz.; Elateridae|Agriotes pilosellus|8
05-05|Schenking H. Bosz.; Elateridae|Betarmon ferrugineus|2
05-05|Schenking H. Bosz.; Elateridae|Idolus picipennis|2
05-05|Schenking H. Bosz.; Elateridae|Silesis terminatus|3
05-05|Schenking H. Bosz.; Elateridae|Adrastus pallens|6
05-05|Schenking H. Bosz.; Elateridae|Melanotus fuscipes|7
05-05|Schenking H. Bosz.; Elateridae|Melanotus crassicollis|3
05-05|Schenking H. Bosz.; Elateridae|Drasterius bimaculatus|12
05-05|Schenking H. Bosz.; Elateridae|Lacon quercus|1
05-05|Schenking H. Bosz.; Elateridae|Adelocera murina|8
05-05|Schenking H. Bosz.; Elateridae|Adelocera punctatus|1
05-06|Schenking H. Bosz.; Chrysomelidae 3|Cryptocephalus moraei|10
05-06|Schenking H. Bosz.; Chrysomelidae 3|Cryptocephalus octacosmus|2
05-06|Schenking H. Bosz.; Chrysomelidae 3|Cryptocephalus crassus|9
05-06|Schenking H. Bosz.; Chrysomelidae 3|Cryptocephalus 4-postulatus|1
05-06|Schenking H. Bosz.; Chrysomelidae 3|Cryptocephalus flavipes|9
05-06|Schenking H. Bosz.; Chrysomelidae 3|Cryptocephalus signatifrons|3
05-06|Schenking H. Bosz.; Chrysomelidae 3|Cryptocephalus turcicus|2
05-06|Schenking H. Bosz.; Chrysomelidae 3|Cryptocephalus vittatus|10
05-06|Schenking H. Bosz.; Chrysomelidae 3|Cryptocephalus 2-lineatus|4
05-06|Schenking H. Bosz.; Chrysomelidae 3|Cryptocephalus elegantulus|9
05-06|Schenking H. Bosz.; Chrysomelidae 3|Cryptocephalus ocellatus|10
05-06|Schenking H. Bosz.; Chrysomelidae 3|Cryptocephalus labiatus|6
05-06|Schenking H. Bosz.; Chrysomelidae 3|Cryptocephalus exiguus|6
05-06|Schenking H. Bosz.; Chrysomelidae 3|Cryptocephalus pygmaeus|8
05-06|Schenking H. Bosz.; Chrysomelidae 3|Cryptocephalus vittula|2
05-06|Schenking H. Bosz.; Chrysomelidae 3|Cryptocephalus fulvus|10
05-06|Schenking H. Bosz.; Chrysomelidae 3|Cryptocephalus ochroleucus|4
05-06|Schenking H. Bosz.; Chrysomelidae 3|Cryptocephalus populi|2
05-06|Schenking H. Bosz.; Chrysomelidae 3|Cryptocephalus pusillus|4
05-06|Schenking H. Bosz.; Chrysomelidae 3|Cryptocephalus rufipes|4
05-06|Schenking H. Bosz.; Chrysomelidae 3|Cryptocephalus globicollis|1
05-06|Schenking H. Bosz.; Chrysomelidae 3|Cryptocephalus tetraspilus|2
05-06|Schenking H. Bosz.; Chrysomelidae 3|Cryptocephalus rugicollis|10
05-06|Schenking H. Bosz.; Chrysomelidae 3|Cryptocephalus sexmaculatus|2
05-06|Schenking H. Bosz.; Chrysomelidae 3|Cryptocephalus 4-punctatus|1
05-06|Schenking H. Bosz.; Chrysomelidae 3|Cryptocephalus blandulus|6
05-06|Schenking H. Bosz.; Chrysomelidae 3|Lamprosoma concolor|1
05-06|Schenking H. Bosz.; Chrysomelidae 3|Adoxus obscurus|9
05-06|Schenking H. Bosz.; Chrysomelidae 3|Pachnephorus villosus|1
05-06|Schenking H. Bosz.; Chrysomelidae 3|Colaspidea oblonga|2
05-06|Schenking H. Bosz.; Chrysomelidae 3|Chrysochus aschlepiadeus|1
05-06|Schenking H. Bosz.; Chrysomelidae 3|Leptinotarsa 10-lineata|8
05-06|Schenking H. Bosz.; Chrysomelidae 3|Cryptocephalus saucius|2
05-07||Chrysomela coerulea|3
05-07||Chrysomela herbacea|8
05-07||Chrysomela coerulans|8
05-07||Chrysomela graminis|6
05-07||Chrysomela lichinis|1
05-07||Chrysomela carpathica|1
05-07||Chrysomela polita|8
05-07||Chrysomela grossa|1
05-07||Chrysomela lurida|6
05-07||Chrysomela staphylea|8
05-07||Chrysomela banksi|4
05-07||Chrysomela cerealis|4
05-07||Chrysomela rufa|1
05-07||Chrysomela orientalis|4
05-07||NN NN|8
05-07||Chrysomela crassimargo|1
05-07||Chrysomela lucida|4
05-07||Chrysomela hemispherica|8
05-07||Chrysomela oricalcia|7
05-07||Chrysomela haemoptera|10
05-07||Chrysomela fuliginosa|8
05-07||Chrysomela diversipes|8
05-07||Chrysomela sanguinolenta|4
05-07||Chrysomela rossia|2
05-07||Chrysomela gypsophilae|4
05-07||NN NN|1
05-07||NN NN|2
05-07||Chrysomela varians|8
05-07||Chrysomela didymata|10
05-07||Chrysomela hyperici|10
05-07||NN NN|10
05-07||Chrysomela geminata|3
05-07||Chrysomela carnifex|1
05-07||Chrysomela analis|1
05-07||NN NN|7
05-07||Chrysomela limbata|2
05-07||Chrysomela timarchoides|1
05-07||Chrysomela crythomera|2
05-07||NN NN|1
05-07||Chrysomela diluta|4
05-07||Chrysomela femoralis|2
05-07||Chrysomela iridana|1
05-07||Chrysomela sculptipennis|1
05-07||DLochrysa fastuosa|10
05-07||Chrysochloa ganglbaueri|7
05-07||NN NN|9
05-07||Chrysochloa tricata|1
05-07||Chrysochloa alpestris|2
05-07||Chrysochloa gloriosa|10
05-07||Chrysochloa variabilis|4
05-07||Chrysochloa vittigera|8
05-08||NN NN|8
05-08||Galerucella nymphaeae|10
05-08||Galerucella grisescens|6
05-08||Galerucella lineolatus|10
05-08||Galerucella almariensis|4
05-08||Galerucella pusilla|1
05-08||Galerucella tenella|1
05-08||Pyrrhalta viburni|10
05-08||Galeruca tanaceti|8
05-08||Galeruca interupta|4
05-08||Galeruca pomonae|8
05-08||Galeruca monticola|1
05-08||Lochamea caprae|8
05-08||Lochamea suturalis|10
05-08||Lochamea crataegi|8
05-08||Phyllobrotica 4-maculata|10
05-08||Exosoma neglectum|12
05-08||Exosoma lusitanica|10
05-08||Puperus circumfusus|8
05-08||Puperus pinicola|1
05-08||Puperus gularis|1
05-08||Puperus xanthopoda|5
05-08||Puperus longicornis|8
05-08||Puperus lyperus|8
05-08||Puperus flavipes|8
05-08||Puperus viridipennis|1
05-08||NN NN|8
05-08||NN NN|10
05-08||NN NN|12
05-08||Macrocoma delagrangei|12
05-08||Macrocoma korbi|18
05-08||Colaphus apicalis|5
05-09||Phyllotreta amoraciae|10
05-09||Phyllotreta nemorum|2
05-09||Phyllotreta undulata|8
05-09||Phyllotreta tetrastigma|2
05-09||Phyllotreta dilatata|7
05-09||Phyllotreta vittata|10
05-09||Phyllotreta ochripes|8
05-09||Phyllotreta exclamationis|2
05-09||Phyllotreta atramentarius|1
05-09||Phyllotreta cruciferae|3
05-09||Phyllotreta aerea|1
05-09||Phyllotreta nigripes|2
05-09||Phyllotreta nodicornis|2
05-09||Aphtona cyparissiae|1
05-09||Aphtona violacea|8
05-09||Aphtona venustula|1
05-09||Aphtona euphorbiae|1
05-09||Aphtona coerulea|8
05-09||Luperomorpha xanthodera|11
05-09||Longitarsis jacobaeae|1
05-09||Longitarsis succineus|1
05-09||Longitarsis aeruginosus|1
05-09||Longitarsis rubiginosus|1
05-09||Longitarsis tabidus|7
05-09||Longitarsis nigrofasciatus|2
05-09||Longitarsis lycopi|1
05-09||Longitarsis waterhousei|2
05-09||Longitarsis melanocephalus|2
05-09||Longitarsis suturellus|2
05-09||Longitarsis dorsalis|1
05-09||Longitarsis luridus|1
05-09||Longitarsis anchusea|2
05-09||Longitarsis nanus|2
05-09||Haltica aenescens|12
05-09||Haltica oleracea|3
05-09||Haltica brevicollis|12
05-09||hermaeophaga mercuralis|2
05-09||Batophila rubi|1
05-09||Lythraria salicariae|9
05-09||Crepidodera transversa|3
05-09||Crepidodera ferruginea|6
05-09||Crepidodera peirolerii|4
05-09||Derocrepis rufipes|12
05-09||Hippuriphila modeeri|5
05-09||Chalcoides aurea|5
05-09||Chalcoides fulvicornis|10
05-09||Chalcoides aurata|10
05-09||Epitrix atropae|1
05-09||Epitrix pubescens|6
05-09||Podagrica fuscicornis|10
05-09||Podagrica malvae|2
05-09||Podagrica fuscipes|4
05-09||Mantura rustica|1
05-10||Chaetocnema concinna|10
05-10||Chaetocnema aridula|1
05-10||Chaetocnema arida|1
05-10||Chaetocnema hortensis|10
05-10||Sphaeroderma testacum|6
05-10||Mniophila muscorum|1
05-10||Psylliodes affinis|6
05-10||Psylliodes marcida|1
05-10||Psylliodes chrysocephala|10
05-10||Psylliodes napi|1
05-10||Psylliodes cuprea|1
05-10||Psylliodes chalcomera|1
05-10||Psylliodes dulcamarae|6
05-10||Hispa testacea|14
05-10||Hispella atramentarius|10
05-10||Cassida viridis|8
05-10||Cassida nebulosa|10
05-10||Cassida flaveola|2
05-10||Cassida vibex|1
05-10||Cassida rubiginosa|10
05-10||Cassida stigmatica|8
05-10||Cassida denticollis|4
05-10||Cassida prasina|8
05-10||Cassida vittata|12
05-10||Cassida hemisphaerica|1
06-01||Rhopalopus ungaricus|1
06-01||Rhopalopus insubricus|1
06-01||Rhopalopus femoratus|1
06-01||Rhopalopus macropus|1
06-01||Rhopalopus spinicornis|1
06-01||Rhopalopus clavipes|2
06-01||NN NN|3
06-01||Semanotus undatus|5
06-01||Calladium coriaceum|2
06-01||Calladium violaceum|12
06-01||Calladium aeneum|5
06-01||Pyrrhidium sanguineum|12
06-01||Phymatodes testaceus|10
06-01||Phymatodes glabratus|1
06-01||Phymatodes pussilus|1
06-01||Phymatodes lividus|3
06-01||Phymatodes fasciatus|1
06-01||NN NN|10
06-01||Phymatodes rufipes|1
06-01||Lioderina linearis|1
06-01||Xylotrechus rusticus|8
06-01||Xylotrechus stebbingi|1
06-01||NN NN|10
06-01||Xylotrechus agricola|2
06-01||Clytus tropicus|1
06-01||Clytus rhamni|11
06-01||Clytus arietis|8
06-01||NN NN|7
06-01||Crytolytus caprae|1
06-01||Crytolytus capra|1
06-01||Plagionotus scalaris|1
06-01||NN NN|8
06-01||Plagionotus arcuatus|8
06-01||Plagionotus floralis|10
06-01||Plagionotus bobelayi|1
06-01||NN NN|10
06-01||Chlorophorus herbsti|1
06-01||Chlorophorus pilosus|4
06-01||Chlorophorus trifasciatus|5
06-01||NN NN|10
06-01||NN NN|9
06-01||Chlorophorus ruficornis|1
06-01||NN NN|12
06-01||Chlorophorus figuratus|4
06-01||Isotomus speciosus|1
06-01||Anaglyptus mysticus|7
06-01||Anaglyptus gibbosus|1
06-01||NN NN|8
06-01||NN NN|8
06-01||Purpuricenus desfontainii|1
06-01||Parmena balteus|4
06-01||Parmena pubescens|3
06-02||NN NN|8
06-02||NN NN|8
06-02||Agapanthia villosoviridescens|8
06-02||Agapanthia cynarea|3
06-02||Agapanthia maculicornis|1
06-02||NN NN|10
06-02||NN NN|11
06-02||Agapanthia leucaspis|1
06-02||Agapanthia asphodeli|5
06-02||Agapanthia irrorata|2
06-02||Agapanthia lateralis|5
06-02||Saperda carcharias|3
06-02||NN NN|8
06-02||Saperda populnea|10
06-02||Saperda scalaris|3
06-02||Saperda punctata|2
06-02||Saperda octopunctata|1
06-02||Menesia bipunctata|2
06-02||Oberea pupillata|2
06-02||Oberea pedemontana|1
06-02||Oberea oculata|10
06-02||Oberea linearis|2
06-02||NN NN|3
06-02||Oberea erythocephala|1
06-02||NN NN|4
06-02||NN NN|7
06-02||Phytoecia nigricornis|1
06-02||Phytoecia cylindrica|12
06-02||Phytoecia pustulata|2
06-02||NN NN|4
06-02||NN NN|2
06-02||NN NN|4
06-02||Phytoecia coerulescens|9
06-02||Tetrops praeusta|14
06-02||Tetrops starki|1
06-02||Oxylia argentata|1
06-02||NN NN|13
06-02||NN NN|1
06-03||Rhizophagus dispar|12
06-03||Rhizophagus depressus|7
06-03||Rhizophagus nitidulus|1
06-03||Rhizophagus ferrugineus|1
06-03||Uleiota planata|12
06-03||Silvanus bidentatus|12
06-03||Phloeostichus denticollis|1
06-03||Bitoma crenata|8
06-03||Heliotaurus ruficollis|6
06-03||Temnochila caerulea|3
06-04||Acmaeodera despecta|12
06-04||Acmaeodera chrysanthemi|1
06-04||Acmaeodera flavofasciata|12
06-04||Acmaeodera deger|1
06-04||Acmaeodera cylindrica|4
06-04||Acmaeodera flavolineata|1
06-04||Acmaeodera pilosellae|4
06-04||Acmaeodera farinosa|12
06-04||Acmaeodera bipunctata|5
06-04||Acmaeodera adspersula|6
06-04||Acmaeodera vetusta|8
06-04||Acmaeodera villosula|12
06-04||Acmaeodera perroti|2
06-04||Acmaeodera convolvuli|1
06-04||Acmaeodera mimonti|1
06-04||Acmaeodera saxicola|4
06-04||Chalcophora mariana ssp. mariana|1
06-04||Chalcophora masilliensis|4
06-04||Chalcophora var. fagniezi|6
06-04||Chalcophora ssp intermedia|5
06-04||Chalcophora detrita|6
06-04||Capnodis tenebrionis|4
06-04||Capnodis cariosa|4
06-04||Capnodis tenebricosa|4
06-04||Perotis lugubris|3
06-04||Ptosima flavoguttata|5
06-04||Sphenoptera antiqua|1
06-04||Sphenoptera laportei|2
06-04||Sphenoptera rauca|1
06-04||Sphenoptera gemmata|1
06-04||Cyphosoma euphraticum|1
06-04||NN NN|2
06-04||Dicerca berolinensis|1
06-04||Dicerca alni|8
06-04||Latipalpis planata|2
06-04||Poecilonota variolosa|1
06-04||Lampra dives|2
06-04||Lampra mirifica|4
06-04||Palmar festiva|1
06-04||Eurythyrea austriaca|3
06-04||Eurythyrea micans|6
06-04||NN NN|2
06-04||Buprestis rustica|3
06-04||Buprestis haemorrhoidalis|2
06-04||Buprestis novemmaculata|8
06-04||Buprestis octoguttata|1
06-04||NN NN|10
06-04||Melanophila acuminata|1
06-04||Melanophila cuspidata|3
06-04||Phaenops cyanea|2
06-04||Phaenops formaneki|1
06-04||Kisanthobia ariasi|2
06-04||Julodis ehrenbergi|8
06-04||Julodis pubescens Yveni|4
06-04||Julodis andreae|2
06-04||Julodis euphratica|2
06-04||Chalcophorella stigmatica|3
06-04a||NN NN|10
06-04a||Anthaxia millefolii|12
06-04a||Anthaxia umbellatarum|4
06-04a||Anthaxia niehuisi|10
06-04a||Anthaxia cichorii|12
06-04a||Anthaxia hypomelaena|2
06-04a||Anthaxia olympica|5
06-04a||Anthaxia deaurata|7
06-04a||Anthaxia bicolor|1
06-04a||NN NN|6
06-04a||Anthaxia candens|3
06-04a||Anthaxia salicis|12
06-04a||Anthaxia semicuprea|6
06-04a||Anthaxia fulgurans|13
06-04a||Anthaxia podolica|10
06-04a||Anthaxia nitidula|14
06-04a||Anthaxia serena|10
06-04a||Anthaxia diadema|5
06-04a||Anthaxia helvetica|2
06-04a||Anthaxia istriana|1
06-04a||Anthaxia nigrojubata|1
06-04a||Anthaxia sinaticollis|1
06-04a||Anthaxia sepulchralis|9
06-04a||Anthaxia quadripunctata|10
06-04a||Anthaxia godeti|9
06-04a||Anthaxia nigritula|1
06-04a||Anthaxia confusa|9
06-04a||Anthaxia scutellaris|5
06-04a||Anthaxia parallela|4
06-04a||Anthaxia ignipennis|2
06-04a||Anthaxia muliebries|1
06-04a||Anthaxia turcica|1
06-04a||Anthaxia cyanescens|1
06-04a||Anthaxia thesalica|1
06-04a||Anthaxia suzannae|1
06-04a||Anthaxia lucens|4
06-04a||Anthaxia mundala|21
06-04a||Anthaxia praeclara|21
06-04a||Anthaxia dimidiata|3
06-04a||Anthaxia sponsa|6
06-04a||Anthaxia bonvouloiri|1
06-04a||Anthaxia gedriosana|1
06-04a||Anthaxia roxana|1
06-04a||Anthaxia fulgidipennis|1
06-04a||Anthaxia similis|1
06-04a||Anthaxia pleuralis|1
06-04a||Anthaxia thalassophila|2
06-04a||Anthaxia anatolica|1
06-04a||Anthaxia olivieri|3
06-04a||Anthaxia conradti|1
06-04a||Anthaxia corynthia|1
06-04a||Anthaxia sedelloti|1
06-04a||Anthaxia kervillei|2
06-04a||Chrysobothris chrysostigma|1
06-04a||Chrysobothris affinis|10
06-04a||Chrysobothris solieri|6
06-04a||Coroebus florentinus|1
06-04a||Coroebus undatus|1
06-04a||Coroebus rubi|5
06-04a||Coroebus elatus|20
06-04a||Meliboeus amethystinus|7
06-04a||Meliboeus graminis|1
06-04a||Meliboeus olivieri|12
06-04a||Meliboeus parvulus|8
06-04a||Meliboeus aeratus|1
06-04a||Aphanasticus emarginatus|1
06-04a||Aphanasticus angustatus|1
06-04a||Trachys minutus|6
06-04a||Trachys troglodytus|2
06-04a||Trachys coruscus|10
06-04a||Trachys fragariae|2
06-05||Agrilus ater|1
06-05||Agrilus biguttatus|10
06-05||Agrilus laticornis|1
06-05||Agrilus angustulus|14
06-05||Agrilus sulcicollis|3
06-05||Agrilus graminis|2
06-05||Agrilus cyanescens|2
06-05||Agrilus acutangulus|2
06-05||Agrilus lineolatus|2
06-05||Agrilus elegans|3
06-05||Agrilus roscidus|1
06-05a||---Dupletten--- ---Dupletten---|112
06-08||Xanthochroa camiolica|8
06-08||Nacerda melanura|3
06-08||Nacerda diformis|5
06-08||Nacerda ruficollis|4
06-08||Chrysanthia nigricornis|2
06-08||Chrysanthia viridissima|7
06-08||Chrysanthia geniuculata|3
06-08||Ischnomera coerulea|1
06-08||Oncomera anatolica|1
06-08||Oncomera flavicans|1
06-08||Oedemera flavipes|12
06-08||Oedemera podagrariae|5
06-08||Oedemera tristis|12
06-08||Oedemera nobilis|6
06-08||Oedemera barbara|3
06-08||Oedemera rufofemorata|4
06-08||Oedemera murinipennis|1
06-08||Oedemera femorata|3
06-08||Oedemera croceicollis|2
06-08||Hololepta planata|14
06-08||Hister unicolor|2
06-08||Hister illigeri|9
06-08||Macrolister major|1
06-08||Paralister ventralis|6
06-09||Mylabris flexuosa|2
06-09||Mylabris connata|10
06-09||Mylabris variabilis|8
06-09||Mylabris quadripunctata|8
06-09||Mylabris armeniaca|8
06-09||Mylabris emiliae|7
06-09||Mylabris solonica|3
06-09||Mylabris syriaca|6
06-09||Mylabris polymorpha|8
06-09||Mylabris scabiosae|12
06-09||Mylabris impar|2
06-09||Mylabris fabricii|8
06-09||Mylabris geminata|6
06-09||NN NN|6
06-09||Mylabris ciliciensis|1
06-09||Mylabris confluens|1
06-09||Lydus europaeus|12
06-09||Meloe proscarabaeus|1
06-09||Meloe violaceus|2
06-09||Meloe majalis|3
06-09||NN NN|10
06-09||Zonitis praeustus|1
06-09||Micromerus semiobscurus|10
06-09||Micromerus erevanicus|2
06-09||Cerocoma schaefferi|6
06-09||Cerocoma adamovichiana|2
06-09||Cerocoma simplicornis|1
06-09||Cerocoma dahli|1
06-09||Cerocoma mühlfeldi|15
06-09||Cerocoma scovitzi|8
06-09||Cerocoma ephesica|1
06-09||Lytta vesicolaria|2
06-09||Leptopalpus rostratus|2
06-09||Alosimus chalybaeus|9
06-09||Alosimus armeniacus|6
06-09||Alosimus syriacus|1
06-09||Alosimus gracilis|8
06-09||Alosimus marginicollis|2
06-09||NN NN|12
06-09||NN NN|3
06-09||Luciola lusitanica|4
06-09||Luciola italica|4
07-01||NN NN|8
07-01||Agathidium confusum|1
07-01||Agathidium nigrinum|1
07-01||Agathidium nigripenne|17
07-01||Agathidium atrum|7
07-01||Agathidium seminulum|2
07-01||Agathidium laevigatum|6
07-01||Agathidium badium|2
07-01||Agathidium pisanum|4
07-01||Agathidium circassicum|1
07-01||Agathidium filicorne|1
07-01||Agathidium winkleri|2
07-01||Eutheia plicata|1
07-01||Eutheia schaumii|3
07-01||Eutheia linearis|1
07-01||Eutheia scydmaenoides|4
07-01||Cephennium thoracicum|5
07-01||NN NN|4
07-01||Cephennium carnicum|1
07-01||Neuraphes elongatus|15
07-01||Neuraphes angulatus|2
07-01||Neuraphes carinatus|1
07-01||Neuraphes rubicundus|2
07-01||NN NN|2
07-01||Neuraphes praeteritus|2
07-01||Scydmoraphes sparshalle|1
07-01||Scydmoraphes helvolus|1
07-01||Scydmoraphes geticus|1
07-01||Scydmoraphes myrmecophilus|1
07-01||NN NN|6
07-01||Stenichnus pusillus|1
07-01||Stenichnus godarti|5
07-01||Stenichnus collaris|12
07-01||Stenichnus bicolor|3
07-01||Stenichnus helferi|2
07-01||Stenichnus barnevilli|1
07-01||Microscydmus nanus|2
07-01||Microscydmus minimus|3
07-01||Microscydmus intruscus|1
07-01||Euconnus oblongus|3
07-01||Euconnus transsylvanicus|1
07-01||Euconnus pubicollis|2
07-01||Euconnus styriacus|1
07-01||Euconnus chrysocomus|1
07-01||Euconnus claviger|1
07-01||Euconnus maeklinii|2
07-02||NN NN|4
07-02||Micropeplus marietti|3
07-02||Micropeplus porcatus|3
07-02||Scaphium immaculatum|4
07-02||Scaphidium quadrimaculatum|13
07-02||Scaphisoma agaricinum|14
07-02||Siagonium quadricorne|8
07-02||Phloeocharis subtillissima|1
07-02||Bibloporus bicolor|1
07-02||Bibloporus minutus|4
07-02||Biploplectus tenebrosus|1
07-02||Biploplectus ambiguus|2
07-02||Biploplectus minutissimus|2
07-02||Euplectus nanus|2
07-02||Euplectus kirby|2
07-02||Euplectus piceus|3
07-02||Euplectus bescidicus|1
07-02||Euplectus sanguineus|2
07-02||Euplectus signatus|1
07-02||Euplectus punctatus|2
07-02||Euplectus karsteni|3
07-02||Euplectus fauveli|2
07-02||Euplectus brunneus|2
07-02||Euplectus duponti|1
07-02||Plectophloeus fischeri|4
07-02||Plectophloeus erichsoni|1
07-02||Plectophloeus nitidus|5
07-02||Scotoplectus capellae|2
07-02||Trimium brevicorne|2
07-02||Trochonyx sulcicollis|1
07-02||Amauronyx maerkelii|1
07-02||Batrisus formicarius|1
07-02||Batrisodes delaporti|1
07-02||Batrisodes buqueti|2
07-02||Batrisodes unisexualis|2
07-02||NN NN|24
07-02||NN NN|25
07-02||Brachygluta haemoptera|7
07-03||Fissocatops westi|4
07-03||NN NN|12
07-03||NN NN|9
07-03||Bathysciella jeanneli|1
07-03||Diaprysius serrulazi|12
07-03||Royerella tarrasani|12
07-03||Cytodromus depsoides|5
07-03||Isereus xambeui|1
07-03||Aphaobius milleri|5
07-03||Aphaobius heydeni|2
07-03||Oryotus sebellenoi|4
07-03||Oryotus ravasinii|2
07-03||Oryotus schmidti|2
07-03||Oryotus micklitzi|2
07-03||NN NN|12
07-03||Orostygia meggiolaroi|2
07-03||Orostygia doderoi|2
07-03||Bathysciotes khevenhülleri croaticus|5
07-03||Bathyscimorphus byssina|7
07-03||Bathyscimorphus sagarum|1
07-03||Drimeotus horvathy|1
07-03||Pholeuon knirschi|2
07-03||Ceuthmonocharis robici|5
07-03||Haplotropidius taxi subinflatus|2
07-03||Parapropus sericeus intermedius|10
07-03||Astagobius angustatus glacialis|1
07-03||NN NN|5
07-03||Leptodirus hochenwarti croaticus|1
07-03||Halbherria zorzii|6
07-03||Boldoria trumplina|1
07-03||Pseudoboldoria gratiae|1
07-03||Pseudoboldoria schatzmayri|1
07-03||Leonhardella angulicollis|2
07-03||Bathysciopsis sternalis|2
07-03||Colon latum|6
07-03||Colon rufescens|1
07-03||Colon delarouzei|1
07-03||Colon clavigerum|2
07-03||Colon affine|2
07-03||Colon murinum|2
07-03||Colon fuscicorne|1
07-03||Colon armipes|2
07-03||Colon angulare|1
07-03||NN NN|5
07-03||Colon zebei|2
07-03||Colon brunneum|3
07-03||Colon appendiculatum|5
07-03||Colon calcaratum|2
07-03||NN NN|2
07-03||Colon viennense|1
07-03||Colon bidentatum|4
07-04||Euconnus wetterhalli|16
07-04||Euconnus similis|1
07-04||Euconnus carinthiacus|1
07-04||Euconnus motschulskyi|2
07-04||Euconnus denticornis|3
07-04||Euconnus rutilipennis|3
07-04||Euconnus hirticollis|9
07-04||Euconnus fimetarius|2
07-04||Euconnus pandellei|1
07-04||Scydmaenus tarsus|16
07-04||Scydmaenus rufus|1
07-04||Scydmaenus perissii|3
07-04||Scydmaenus hellwigi|3
07-04||Mastigus ruficornis|13
07-04||Calyptomerus alpestris|3
07-04||Calyptomerus dubius|1
07-04||Clamus minutus|10
07-04||Clamus punctulum|12
07-04||Clamus armadillo|10
07-04||Clamus pubescens|1
07-04||Clamus simsoni|5
07-04||Clamus nigriclavis|2
07-08||NN NN|173
07-05-Check op foto07-05IMG...||NN NN|65
07-07-Check op foto07-07IMG...||NN NN|268
07-08extra globaal||NN NN|400
07-09||NN NN|66
07-10||Hygrobia hermanni|10
07-10||Brychius elevatus|12
07-10||Brychius glabratus|2
07-10||Peltodytes caesus|2
07-10||Peltodytes rotundatus|2
07-10||Haliplus varius|1
07-10||Haliplus obliquus|3
07-10||Haliplus confinis|4
07-10||Haliplus lineatocollis|17
07-10||Haliplus ruficollis|21
07-10||Haliplus heydeni|9
07-10||Haliplus fluviatilis|4
07-10||Haliplus wehnkei|4
07-10||Haliplus lineolatus|5
07-10||Haliplus immaculatus|5
07-10||Haliplus apicalis|4
07-10||Haliplus fulvicollis|1
07-10||Haliplus furcatus|3
07-10||Haliplus laminatus|1
07-10||Haliplus mucronatus|4
07-10||Hyphydrus ovatus|9
07-10||Hyphydrus aubei|2
07-10||Hydroglyphus pusillus|44
07-10||Hydroglyphus signatellus|1
07-10||Bidessus munitissimus|5
07-10||Bidessus delicatulus|7
07-10||Bidessus unistriatus|2
07-10||Bidessus grossepunctatus|7
07-10||Bidessus nasutus|3
07-10||Bidessus goudoti|2
07-10||Yola bicarinata|3
07-10||Hydrovatus cuspidatus|5
07-10||Coelambus impressopunctatus|10
07-10||Coelambus parallelogrammus|6
07-10||Coelambus novemlineatus|3
07-10||Coelambus nigrolineatus|2
07-10||Coelambus confluens|23
07-10||Hydrogotus versicolor|19
07-10||Hydrogotus inaequalis|31
07-10||Hydrogotus quinquelineatis|2
07-10||Hydrogotus decoratus|6
07-10||Hydroporus scalesianus|1
07-10||Hydroporus angustatus|11
07-10||Hydroporus umbrosus|4
07-10||Hydroporus tristis|6
07-10||Hydroporus glabriusculus|1
07-10||Hydroporus notatus|1
07-10||Hydroporus gyllenhalii|5
07-10||Hydroporus palustris|35
07-10||Hydroporus incognitus|3
07-10||Hydroporus striolatus|7
07-10||Hydroporus erythrocephalus|20
07-11||Mycetaea subterranea|7
07-11||Symbiotes gibberosus|1
07-11||Symbiotes armatus|1
07-11||Lycoperdina bovistea|24
07-11||Lycoperdina succincta|1
07-11||Mycetina cruciata|7
07-11||Endomychus coccineus|19
07-11||Ancylopus melanocephalus|1
07-11||Henosepilachna argus|27
07-11||Henosepilachna elaterii|2
07-11||Subcoccinella 24-punctata|28
07-11||Cynegetis impunctata|6
07-11||Coccidula scutellata|20
07-11||Coccidula rufa|26
07-11||Rhyzobius litura|11
07-11||Rhyzobius chrysomeloides|38
07-11||Scymnus apetzi|32
07-11||Scymnus pallipediformis|6
07-11||Scymnus doriai|2
07-11||Scymnus frontalis|15
07-11||Scymnus mimulus|7
07-11||Scymnus interruptus|6
07-11||Scymnus abietis|3
07-11||Scymnus nigrinus|3
07-11||Scymnus rubromaculatus|10
07-11||Scymnus heamorrhoidalis|3
07-11||Scymnus ferrugatus|2
07-11||Scymnus auritus|38
07-11||Scymnus impexus|1
07-11||Scymnus femoralis|2
07-11||Scymnus limbatus|2
07-11||Scymnus suturalis|40
07-11||Scymnus ater|1
07-11||Scymnus subvillosus|2
07-11||Scymnus rufipes|2
07-11||Scymnus marginalis|1
07-11||Scymnus canariensis|1
07-11||Scymnus incertus|1
07-11||Nephus redtenbacheri|1
07-11||Nephus limonii|1
07-11||Nephus quadrimaculatus|3
07-11||Nephus semifufus|1
07-11||Stethorus punctillum|5
07-11||Stethorus gilvifrons|2
07-11||Clitostethus arcuatus|2
07-11||Platynaspis luteorubra|4
07-11||Chilocorus bipustulatus|5
07-11||Chilocorus renipustulatus|4
07-12||Helophorus confrater|2
07-12||Helophorus montenegrinus|5
07-12||Helophorus brevipalpis|68
07-12||Helophorus nanus|4
07-12||Helophorus redtenbacheri|2
07-12||Helophorus villosus|5
07-12||Helophorus lactocollis|3
07-12||Helophorus strigifrons|4
07-12||Helophorus flavipes|21
07-12||Helophorus obscurus|9
07-12||Helophorus asperatus|4
07-12||Helophorus dorsalis|6
07-12||Helophorus croaticus|1
07-12||Helophorus fulgidicollis|2
07-12||Helophorus granularis|4
07-12||Helophorus minutus|1
07-12||Helophorus discrepans|1
07-12||Helophorus griseus|33
07-12||Helophorus longitarsus|2
07-12||Helophorus seidlitzii|11
07-12||Helophorus asturiensis|1
07-12||Helophorus pumilio|9
07-12||Coelostoma orbiculare|19
07-12||Dactylosternum abdominale|1
07-12||Spaeridium bipustulatum|37
07-12||Spaeridium substriatum|7
07-12||Spaeridium scarabaeoides|10
07-12||Spaeridium lunatum|20
07-12||Cercyon littoralis|8
07-12||Cercyon depressus|2
07-12||Cercyon arenarius|1
07-12||Cercyon ustulatus|1
07-12||Cercyon obsoletus|4
07-12||Cercyon impressus|53
07-12||Cercyon melanocephalus|34
07-12||Cercyon marinus|12
07-12||Cercyon bifenestriatus|9
07-12||Cercyon lateralis|25
07-12||Cercyon laminatus|3
07-12||Cercyon quisquilius|35
07-12||Cercyon terminatus|4
07-12||Cercyon pygmaeus|18
07-12||Cercyon granarius|2
07-12||Cercyon atricapillus|3
07-12||Cercyon unipunctatus|10
07-12||Cercyon tristis|10
07-12||Cercyon convexiusculus|8
07-12||Cercyon sternalis|22
07-12||Cercyon analis|40
07-13||Pseudepierus italicus|1
07-13||Platysoma compressum|26
07-13||Platysoma elogatum|10
07-13||Platysoma lineare|1
07-13||Platysoma angustatum|3
07-13||Platysoma cornix|2
07-13||Eblisia minor|3
07-13||Margarinotus obscurus|4
07-13||Margarinotus bipustulatus|3
07-13||Margarinotus pupurascens|23
07-13||Margarinotus neglectus|3
07-13||Margarinotus ventralis|21
07-13||Margarinotus carbonarius|14
07-13||Margarinotus ignobilis|3
07-13||Margarinotus striola|16
07-13||Margarinotus terricola|1
07-13||Margarinotus merdarius|6
07-13||Margarinotus brunneus|22
07-13||Margarinotus marginatu3|3
07-13||Pactolinus major|2
07-13||Pachylister inaequalis|12
07-13||Hister quadrimaculatis|30
07-13||Hister unicolor|7
07-13||Hister quadrinotatus|3
07-13||Hister illigeri|11
07-13||Hister unicatus|1
07-13||Hister helluo|4
07-13||Hister subalatutaceus|2
07-13||Hister bissexstriatus|12
07-13||Hister grandicollis|1
07-13||Atholus bimaculatus|5
07-13||Atholus dudecimstriatus|15
07-13||Atholus corvinus|1
07-13||Satrapes sartorii|1
07-13||Hataerius ferrugineus|1
07-13||Eudiplister lugubris|1
07-13||Eudiplister moerens|1
07-15||Trarthron maerkelii|2
07-15||Hydnobius latifrons|1
07-15||Hydnobius spinipes|3
07-15||Hydnobius punctatus|1
07-15||Hydnobius multistriatus|1
07-15||Trichohydnobius suturalis|2
07-15||Leiodes cillaris|1
07-15||Leiodes furva|2
07-15||Leiodes pallens|3
07-15||Leiodes rubiginosa|1
07-15||Leiodes triepkii|4
07-15||Leiodes rugosa|3
07-15||Leiodes hybrida|3
07-15||Leiodes brandisi|1
07-15||Leiodes fracta|1
07-15||Leiodes cinnamomea|6
07-15||Leiodes oblonga|1
07-15||Leiodes silesiaca|3
07-15||Leiodes lucens|2
07-15||Leiodes longipes|1
07-15||Leiodes macropus|1
07-15||Leiodes polita|8
07-15||Leiodes lunicollis|1
07-15||Leiodes picea|2
07-15||Leiodes dubia|18
07-15||Leiodes obesa|8
07-15||Leiodes brunnea|2
07-15||Leiodes ruficollis|6
07-15||Leiodes litura|1
07-15||Leiodes ferruginea|7
07-15||Leiodes nigrita|1
07-15||Leiodes badia|3
07-15||Leiodes gyllenhalii|4
07-15||Leiodes punctulata|2
07-15||Colensis immunda|5
07-15||Agaricophagus cephalotes|1
07-15||Liocyrtusa minuta|2
07-15||Liocyrtusa vittata|1
07-15||Anisotoma humeralis|20
07-15||Anisotoma axillaris|2
07-15||Anisotoma castanea|2
07-15||Anisotoma glabratus|1
07-15||Anisotoma orbicularis|3
07-15||Liodoprida serricornis|2
07-15||Amphicyllus globus|8
07-15||Amphicyllus globiformis|6
07-15||Agathidium marginatum|5
07-15||Agathidium varians|9
07-15||Agathidium convexum|1
07-15||Agathidium bescidium|1
07-15||Agathidium mandibulare|3
07-16||Aglenus brunneus|4
07-16||Pycnomerus terebrans|1
07-16||Pycnomerus inexpectatus|1
07-16||Nosodomodes tuberculatus|2
07-16||Nosodomodes Rhopalocerus|1
07-16||Orthocerus clavicornis|1
07-16||Orthocerus crassicornis|1
07-16||Endophloeus markovichianus|1
07-16||Diodesma subterranea|1
07-16||Coxellus pictus|2
07-16||Langelandia anophthalma|1
07-16||Synchita humeralis|3
07-16||Synchita separanda|1
07-16||Cicones variegatus|2
07-16||Colobicus hirtus|1
07-16||Bitoma crenata|62
07-16||Bitoma ferruginea|3
07-16||Colydium elongatum|2
07-16||Colydium filiforme|2
07-16||Aulonium trisulcum|5
07-16||Aulonium ruficorne|3
07-16||Bothrideres bipunctatus|1
07-16||Teredus cylindricus|4
07-16||Oxylaemus cylindricus|2
07-16||Annomatus reitteri|1
07-16||Annomatus duodecimstriatus|1
07-16||Cerylon fagi|5
07-16||Cerylon histeroides|24
07-16||Cerylon ferrugineum|28
07-16||Cerylon impressum|1
07-16||Cerylon deplanatum|4
07-16||Sphaerosoma globosum|1
07-16||Sphaerosoma punctatum|1
07-16||Sphaerosoma piliferum|1
07-17||NN NN|41
07-17||Sphindus dubius|2
07-17||Arpidiphorus orbiculatus|3
07-17||Octotemnus glabriculus|17
07-17||Ropalodontus perforatus|3
07-17||Sulcacis affinis|9
07-17||Sulcacis bidentulus|5
07-17||Sulcacis fronticornis|1
07-17||Cis lineatocribatus|1
07-17||Cis nitidus|32
07-17||Cis jacquemarti|6
07-17||Cis glabratus|6
07-17||Cis hispidus|11
07-17||Cis setiger|4
07-17||Cis micans|2
07-17||Cis boleti|20
07-17||Cis rugulosus|19
07-17||Cis quadridens|2
07-17||Cis punctulatus|1
07-17||Cis castaneus|1
07-17||Cis dentatus|5
07-17||Cis bidentatus|2
07-17||Orthocis Aini|3
07-17||Orthocis pygmaeus|1
07-17||Orthocis vestitus|2
07-17||Orthocis festivus|2
07-17||Ennearthron cornutum|26
07-17||Trogoxylon impressum|2
07-17||Lyctus brunneus|15
07-17||Lyctus pubescans|11
07-17||Lyctus linearis|12
07-17||Psoa viennensis|4
07-17||Psoa dubia|1
07-17||Endecatomus reticulatus|1
07-17||Lyctus brunneus|15
07-17||Stephanopachys substriatus|1
07-17||Stephanopachys linearis|1
07-17||Rhyzopertha dominica|17
07-17||Dinodorus minutus|1
07-17||Dinodorus bifoveolatus|1
07-17||Bostrichus capucinus|33
07-17||Lichenophanes varius|2
07-17||Sinoxylon sexdentatum|5
07-17||Sinoxylon perforans|1
07-17||Xylopertha retusa|5
07-17||Xylopertha praetuse|3
07-17||Scobiacia chevrieri|2
07-17||Schistoceros bimaculatus|3
07-17||Xylogenes auricomus|1
07-18||Exochomus quadripustulatus|24
07-18||Exochomus nigromaculatus|26
07-18||Hyperaspis campestris|1
07-18||Hyperaspis duvergeri|1
07-18||Hyperaspis pseudopostulata|3
07-18||Hyperaspis reppensis|3
07-18||Hyperaspis quadrimaculata|1
07-18||Aphidecta obliterata|29
07-18||Hippodamia tredecimpunctata|17
07-18||Hippodamia variegata|29
07-18||Hippodamia notata|8
07-18||Hippodamia undecimnotata|1
07-18||Hippodamia alpina|5
07-18||Hippodamia rufocincta|1
07-18||Hippodamia convergens|4
07-18||Hippodamia parenthesis|5
07-18||Anisosticta novemdecimpunctata|39
07-18||Anisosticta sedicimpunctata|52
07-18||Adalia conglomerata|1
07-18||Adalia decempunctata|101
07-18||Adalia bipunctata|56
07-18||Coccinella hieroglypha|28
07-18||Coccinella trifasciata|1
07-18||NN NN|37
07-18||Coccinella magnifica|3
07-18||Coccinella quinquepunctata|5
07-18||Coccinella undecimpunctata|66
07-18||Coccinella miranda|1
07-18||Bulaea lichatschovi|2
07-18||Coccinula 14-postulata|39
07-18||Oenopia lyncea|5
07-18||Oenopia impustulata|2
07-18||Oenopia conglobata|18
07-18||Oenopia doublieri|6
07-18||Harmonia quadripunctata|35
07-18||Harmonia axyridis|2
07-18||Myrrha octodecimgutta|21
07-18||Calvia decemguttata|7
07-18||Calvia 14-gutta|37
07-18||Propylea 14-punctata|61
07-18||Myzia oblongogutta|22
07-18||Myzia gebleri|1
07-18||Anatis ocellata|22
07-18||Halyzia sedecimguttata|7
07-18||Vibiola 12-guttata|6
07-19||NN NN|10
07-19||Pryopterus nigroruber|2
07-19||Lopherus rubens|1
07-19||NN NN|2
07-19||Lygistopterus sanguineus|47
07-19||NN NN|15
07-19||Lampyris noctiluca|5
07-19||Lamprohyza splendidula|21
07-19||Lamprohyza delarouzei|1
07-20||NN NN|6
07-20||NN NN|3
07-21||NN NN|1
07-21||NN NN|1000
07-22||Ptomaphagus variicornis|5
07-22||Ptomaphagus subvillosus|2
07-22||Ptomaphagus sericatus|19
07-22||Ptomaphagus divaricatus|1
07-22||Nemadus colonoides|2
07-22||Anemadus strigosus|2
07-22||Nargus velox|20
07-22||Nargus badius|10
07-22||Nemadus wilkinii|16
07-22||Nemadus brunneus|1
07-22||Nemadus anistomoides|14
07-22||Choleva spadicea|2
07-22||Choleva paskoviensis|2
07-22||Choleva agilis|4
07-22||Choleva lederiana|3
07-22||Choleva septentrionis|1
07-22||Choleva septentrionis holsatica|2
07-22||Choleva oblonga|9
07-22||Choleva nivalis|3
07-22||Choleva oresitropha|1
07-22||Choleva cisteloides|7
07-22||Choleva bicolor|1
07-22||Choleva glauca|3
07-22||Choleva angustata|7
07-22||Choleva sturmi|2
07-22||Choleva fagniezi|6
07-22||Choleva jeanelli|2
07-22||Choleva elongata|11
07-22||Attaephilus arenarius|1
07-22||Catopomorphus orientalis|3
07-22||Dreposcia umbrina|1
07-22||Dreposcia depressus|3
07-22||Sciodrepoides watsoni|22
07-22||Sciodrepoides fumatus|14
07-22||Catops subfuscus|24
07-22||Catops longulus|8
07-22||Catops coracinus|12
07-22||Catops nitidicollis|1
07-22||Catops grandicollis|14
07-22||Catops kirbyi|13
07-22||Catops tristis|26
07-22||Catops chrysomeloides|22
07-22||Catops neglectus|3
07-22||Catops morio|8
07-22||Catops nigriclavis|10
07-22||Catops fuscus|2
07-22||Catops fuliginosus|13
07-22||Catops nigricans|15
07-22||Catops picipes|39
07-22||Apocatop nigritus|7
07-23||Hydraena minutissima|6
07-23||Hydraena testacea|1
07-23||Hydraena brachymera|1
07-23||Hydraena subintegra|1
07-23||Ochthebius granulatus|3
07-23||Ochthebius exsculptus|4
07-23||Ochthebius gibbosus|15
07-23||Ochthebius dilatatus|3
07-23||Ochthebius auriculatus|2
07-23||Ochthebius calveranus|18
07-23||Ochthebius minimus|28
07-23||Ochthebius flavipes|24
07-23||Ochthebius nanus|1
07-23||Ochthebius metallescens|4
07-23||Ochthebius foveolatus|2
07-23||Ochthebius forojuliensis|13
07-23||Ochthebius punctatus|1
07-23||Ochthebius exaratus|2
07-23||Ochthebius pusillus|9
07-23||Ochthebius marinus|49
07-23||Ochthebius viridis|3
07-23||Ochthebius meridonalis|11
07-23||Ochthebius lapidicola|2
07-23||Ochthebius subinteger|2
07-23||Ochthebius quadricollis|5
07-23||Ochthebius steinbühleri|28
07-23||Limnebius truncatellus|4
07-23||Limnebius papposus|3
07-23||Limnebius crinifer|5
07-23||Limnebius furcatus|3
07-23||Limnebius nitidus|3
07-23||Limnebius aluta|5
07-23||Limnebius atomus|1
07-23||Hydrochus elongatus|2
07-23||Hydrochus ignicollis|2
07-23||Hydrochus carinatus|16
07-23||Hydrochus brevis|4
07-23||Hydrochus nitidicollis|1
07-23||Hydrochus angustatus|1
07-23||Hydrochus flavipennis|11
07-23||Spercheus emarginatus|7
07-23||Helophorus rufipes|3
07-23||Helophorus porculus|2
07-23||Helophorus nubilus|7
07-23||Helophorus schmidtii|1
07-23||Helophorus tuberculatus|1
07-23||Helophorus alternans|9
07-23||Helophorus micans|2
07-23||Helophorus occidentalis|2
07-23||Helophorus grandis|7
07-23||Helophorus aquaticus|43
07-23||Helophorus aequalis|3
07-23||Helophorus avernicus|10
07-23||Helophorus nivalis|5
07-23||Helophorus glacialis|4
07-24||Caenocara bovistae|2
07-24||Caenocara affinis|2
07-24||Caenocara subglobosa|1
07-24||Anitys rubens|2
07-25||Myrmetes paykulli|3
07-25||Gnathoncus rotundatus|7
07-25||Gnathoncus nannetensis|4
07-25||Gnathoncus communis|3
07-25||Gnathoncus suturifer|1
07-25||Gnathoncus buyssoni|35
07-25||Gnathoncus nidicola|1
07-25||Saprinus semipunctatus|6
07-25||Saprinus maculatus|1
07-25||Saprinus detersus|1
07-25||Saprinus rufiger|1
07-25||Saprinus planiusculus|20
07-25||Saprinus semistriatus|22
07-25||Saprinus subnitescens|3
07-25||Saprinus tenuistrius|1
07-25||Saprinus lautus|2
07-25||Saprinus calatravensis|1
07-25||Saprinus virescens|1
07-25||Saprinus pollitus|2
07-25||Saprinus immundus|8
07-25||Saprinus aeneus|17
07-25||Saprinus metallescens|2
07-25||Saprinus gilivicornis|2
07-25||Saprinus georgicus|2
07-25||Saprinus grossipes|1
07-25||Saprinus chalcites|2
07-25||Saprinus furvus|1
07-25||Saprinus externus|1
07-25||Saprinus cruciatus|1
07-25||Saprinus politus|2
07-25||Saprinus prasinus|1
07-25||Saprinus apricarius|3
07-25||Chalcionellus amouenus|1
07-25||Chalcionellus spretulus|2
07-25||Chalcionellus decemstriatus|5
07-25||Chalcionellus tyrius|1
07-25||Hypocacculus praecox|2
07-25||Hypocacculus rubripes|2
07-25||Hypocaccus crassipes|11
07-25||Hypocaccus rugifrons|53
07-25||Hypocaccus metallicus|3
07-25||Hypocaccus rugiceps|2
07-25||Hypocaccus dimidiatus|11
07-25||Bacanius rhombophorus|1
07-25||Dendriophilus punctatus|4
07-25||Dendriophilus pygmaeus|3
07-25||Kissister minimus|3
07-25||Carcinops pumilio|20
07-25||Platylomalus complanatus|3
07-25||Paromalus flavicornis|8
07-25||Paromalus parallelepipedus|30
07-25||Hololepta planata|38
07-25||Onthophilus striatus|8
07-25||Onthophilus affinis|1
07-25||Onthophilus punctatus|4
07-25||Onthophilus globulus|3
08-01|Geen etiket|Nebrioporus martinii|5
08-01|Geen etiket|Nebrioporus carinatus|2
08-01|Geen etiket|Nebrioporus fenestratus|1
08-01|Geen etiket|Nebrioporus cerisyi|4
08-01|Geen etiket|Nebrioporus luctuosus|3
08-01|Geen etiket|Nebrioporus clarkii|1
08-01|Geen etiket|Oreodytes davisii|4
08-01|Geen etiket|Oreodytes septentrionalis|3
08-01|Geen etiket|Oreodytes sanmarkii|9
08-01|Geen etiket|Oreodytes alpinus|3
08-01|Geen etiket|Scarodytes halensis|11
08-01|Geen etiket|Laccophilus ponticus|8
08-01|Geen etiket|Laccophilus minutus|39
08-01|Geen etiket|Laccophilus hyalinus|14
08-01|Geen etiket|Laccophilus testaceus|1
08-01|Geen etiket|Copelatus haemorrhoidalis|8
08-01|Geen etiket|Platambus maculatus|15
08-01|Geen etiket|Agabus subtilis|1
08-01|Geen etiket|Agabus erichsoni|2
08-01|Geen etiket|Agabus chalconatus|6
08-01|Geen etiket|Agabus neglectus|2
08-01|Geen etiket|Agabus biguttatus|4
08-01|Geen etiket|Agabus nitidus|9
08-01|Geen etiket|Agabus guttatus|4
08-01|Geen etiket|Agabus melanarius|10
08-01|Geen etiket|Agabus solieri|1
08-01|Geen etiket|Agabus striolatus|3
08-01|Geen etiket|Agabus sturmii|18
08-01|Geen etiket|Agabus uliginosus|12
08-01|Geen etiket|Agabus paludosus|5
08-01|Geen etiket|Agabus nebulosus|10
08-01|Geen etiket|Agabus affinis|5
08-01|Geen etiket|Agabus unguicularis|12
08-01|Geen etiket|Agabus congener|2
08-01|Geen etiket|Agabus brunneus|16
08-01|Geen etiket|Agabus didymus|21
08-01|Geen etiket|Agabus undulatus|10
08-01|Geen etiket|Agabus labiatus|2
08-01|Geen etiket|Agabus arcticus|6
08-01|Geen etiket|Agabus serricornis|2
08-01|Geen etiket|Agabus conspersus|1
08-01|Geen etiket|Agabus lapponicus|1
08-01|Geen etiket|Agabus montanus|13
08-01|Geen etiket|Agabus binotatus|2
08-01|Geen etiket|Agabus fuscipennis|2
08-01|Geen etiket|Agabus skiathos|8
08-01|Geen etiket|Ilybius fenestratus|6
08-01|Geen etiket|Ilybius ater|7
08-01|Geen etiket|Ilybius meridionalis|2
08-01|Geen etiket|Agabus bipostulatus|41
08-02|Geen etiket|Micrapate xyloperthoides|1
08-02|Geen etiket|Hedobia pubescens|3
08-02|Geen etiket|Hedobia imperialis|4
08-02|Geen etiket|Hedobia regalis|3
08-02|Geen etiket|Grynobius planus|1
08-02|Geen etiket|Dryophilus anobioides|1
08-02|Geen etiket|Dryophilus pusillus|4
08-02|Geen etiket|Ochina latreillei|1
08-02|Geen etiket|Ochina ptinoides|3
08-02|Geen etiket|Xestobium plumbeum|15
08-02|Geen etiket|Xestobium rufovillosum|26
08-02|Geen etiket|Xestobium austriacum|2
08-02|Geen etiket|Ernobius nigrinus|1
08-02|Geen etiket|Ernobius longicornis|5
08-02|Geen etiket|Ernobius abietinus|2
08-02|Geen etiket|Ernobius abietis|6
08-02|Geen etiket|Ernobius angusticollis|2
08-02|Geen etiket|Ernobius pini|1
08-02|Geen etiket|Ernobius mollis|13
08-02|Geen etiket|Oligomerus brunneus|1
08-02|Geen etiket|Stegobium paniceum|36
08-02|Geen etiket|Gastrallus immarginatus|1
08-02|Geen etiket|Gastrallus laevigatus|1
08-02|Geen etiket|Anobium punctatum|28
08-02|Geen etiket|Anobium hederae|1
08-02|Geen etiket|Anobium nitidum|1
08-02|Geen etiket|Anobium costatum|2
08-02|Geen etiket|Anobium fulvicorne|3
08-02|Geen etiket|Anobium rufipes|2
08-02|Geen etiket|Anobium thomsoni|1
08-02|Geen etiket|Anobium emarginatum|3
08-02|Geen etiket|Anobium denticolle|1
08-02|Geen etiket|Anobium pertinax|4
08-02|Geen etiket|Priobium carpini|2
08-02|Geen etiket|Ptilinus pectinicornis|17
08-02|Geen etiket|Ptilinus fuscus|4
08-02|Geen etiket|Pseudoptilinus fusicollis|2
08-02|Geen etiket|Xyletinus laticollis|2
08-02|Geen etiket|Xyletinus subrotundatus|1
08-02|Geen etiket|Xyletinus ater|4
08-02|Geen etiket|Xyletinus pectinatus|1
08-02|Geen etiket|Lasioderma serricorne|5
08-02|Geen etiket|Lasioderma redtenbacheri|2
08-02|Geen etiket|Lasioderma kiesenwetteri|1
08-02|Geen etiket|Lasioderma obscurum|1
08-02|Geen etiket|Mesocoelopus niger|2
08-02|Geen etiket|Tricorynus meieri|1
08-02|Geen etiket|Dorcatoma flavicornis|3
08-02|Geen etiket|Dorcatoma setosella|2
08-02|Geen etiket|Dorcatoma chrysomelina|3
08-02|Geen etiket|Dorcatoma substriata|1
08-02|Geen etiket|Dorcatoma punctulata|1
08-02|Geen etiket|Dorcatoma dresdensis|2
08-02|Geen etiket|Dorcatoma robusta|5
08-02|Geen etiket|Dryophilus longicollis|1
08-03|Geen etiket|Hydrophilus piceus|11
08-03|Geen etiket|Hydrophilus aterrimus|5
08-03|Geen etiket|Berosus signaticollis|5
08-03|Geen etiket|Berosus luridus|2
08-03|Geen etiket|Berosus spinosus|26
08-03|Geen etiket|Berosus bispina|1
08-03|Geen etiket|Teretrius fabricii|1
08-03|Geen etiket|Teretrius rothi|1
08-03|Geen etiket|Teretrius parasitica|1
08-03|Geen etiket|Plegaderus saucius|2
08-03|Geen etiket|Plegaderus vulneratus|9
08-03|Geen etiket|Plegaderus caesus|4
08-03|Geen etiket|Plegaderus dissectus|2
08-03|Geen etiket|Plegaderus discisus|3
08-03|Geen etiket|Plegaderus otti|2
08-03|Geen etiket|Plegaderus sanatus|1
08-03|Geen etiket|Plegaderus adonis|1
08-03|Geen etiket|Chetabraeus globulus|1
08-03|Geen etiket|Chetabraeus lucidus|1
08-03|Geen etiket|Abraeus granulum|3
08-03|Geen etiket|Abraeus parvulus|3
08-03|Geen etiket|Abraeus perpusillus|4
08-03|Geen etiket|Aebraeomorphus minutissimus|1
08-03|Geen etiket|Halacritus punctum|2
08-03|Geen etiket|Acritus minutus|1
08-03|Geen etiket|Acritus nigricornis|2
08-03|Geen etiket|Acritus homoeopathicus|1
08-03|Geen etiket|Acritus italicus|2
08-03|Geen etiket|Eurobrachium pusillum|3
08-03|Geen etiket|Aeletes atomarius|1
08-04|57 (58) Voorlopig NON DET.|NN NN|72
08-05|Nr. 2459 tot en met 2557; voorlopig NON DET.|NN NN|71
08-06|Geen etiket; voorlopig NON DET.|NN NN|17
08-07|2816-2895; voorlopig NON DET.|NN NN|290
08-08|2875-2916; voorlopig NON DET.|NN NN|119
08-09|37; voorlopig NON DET.|NN NN|29
08-10|Geen etiket; voorlopig NON DET.|NN NN|30
08-11|Australië; voorlopig NON DET.|NN NN|23
08-12|Kasten no 3 - Zuid Amerika; voorlopig NON DET.|NN NN|98
08-13|Klein doosje, geen etiket; voorlopig NON DET.|NN NN|68
08-14|Geen etiket|Megasternum obscurum|52
08-14|Geen etiket|Cryptopleurum minutum|11
08-14|Geen etiket|Cryptopleurum crenatum|1
08-14|Geen etiket|Cryptopleurum subtile|2
08-14|Geen etiket|Crenitis punctatostriata|8
08-14|Geen etiket|Paracymus aeneus|13
08-14|Geen etiket|Paracymus scutellarus|2
08-14|Geen etiket|Hydrobius fuscipes|31
08-14|Geen etiket|Lymnoxenus niger|21
08-14|Geen etiket|Anacaena globulus|24
08-14|Geen etiket|Anacaena limbata|19
08-14|Geen etiket|Anacaena lutescens|2
08-14|Geen etiket|Anacaena bipustulata|4
08-14|Geen etiket|Laccobius striatulus|10
08-14|Geen etiket|Laccobius sinuatus|1
08-14|Geen etiket|Laccobius syriacus|1
08-14|Geen etiket|Laccobius obscuratus|1
08-14|Geen etiket|Laccobius atratus|1
08-14|Geen etiket|Laccobius atrocephalus|1
08-14|Geen etiket|Laccobius bipunctatus|18
08-14|Geen etiket|Laccobius neapolitanus|1
08-14|Geen etiket|Laccobius simulatrix|1
08-14|Geen etiket|Laccobius minutus|23
08-14|Geen etiket|Laccobius colon|3
08-14|Geen etiket|Laccobius gracilis|3
08-14|Geen etiket|Laccobius alternus|1
08-14|Geen etiket|Laccobius revelieri|1
08-14|Geen etiket|Laccobius femoralis|1
08-14|Geen etiket|Helochares lividus|5
08-14|Geen etiket|Helochares obscurus|14
08-14|Geen etiket|Enochrus melanocephalus|5
08-14|Geen etiket|Enochrus ochropterus|2
08-14|Geen etiket|Enochrus caspius|1
08-14|Geen etiket|Enochrus quadripunctatus|1
08-14|Geen etiket|Enochrus halophilus|5
08-14|Geen etiket|Enochrus bicolor|28
08-14|Geen etiket|Enochrus testaceus|13
08-14|Geen etiket|Enochrus affinis|4
08-14|Geen etiket|Enochrus nigritus|1
08-14|Geen etiket|Enochrus coarctatus|24
08-14|Geen etiket|Cymbiodyta marginella|39
08-14|Geen etiket|Chaetarthria seminulum|5
08-14|Geen etiket|Hydrochara caraboides|8
08-14|Geen etiket|Hydrochara flavipes|9
08-14|Geen etiket|Hydrochara affinis|1
08-14|Geen etiket|Sternolophus rufipes|4
08-15|Geen etiket; voorlopig NON DET.|NN NN|76
08-16|Geen etiket; voorlopig NON DET.|NN NN|75
08-17|Afrika; voorlopig NON DET.|NN NN|24
08-18|3762-3824; voorlopig NON DET.|NN NN|472
08-19|Geen etiket; voorlopig NON DET.|NN NN|87
08-20|Coleoptera; voorlopig NON DET.|NN NN|321
08-21|Geen etiket; voorlopig NON DET.|NN NN|98
13-03|Lastige naamgeving; voorlopig NON DET.|NN NN|27
13-04|Lastige naamgeving; voorlopig NON DET.|NN NN|84
13-05|Lastige naamgeving; voorlopig NON DET.|NN NN|67
13-06|Lastige naamgeving; voorlopig NON DET.|NN NN|39
13-07|Lastige naamgeving; voorlopig NON DET.|NN NN|100
13-08|Lastige naamgeving; voorlopig NON DET.|NN NN|104
09-01|"Natuurhistorisch museum Enschede | Coleoptera Nederland | 2817-2832 | Scarabaeidae, Lucanidae"|Orycles nasicornis|24
09-01|"Natuurhistorisch museum Enschede | Coleoptera Nederland | 2817-2832 | Scarabaeidae, Lucanidae"|Valgus hemipterus|10
09-01|"Natuurhistorisch museum Enschede | Coleoptera Nederland | 2817-2832 | Scarabaeidae, Lucanidae"|Osmoderma eremita|3
09-01|"Natuurhistorisch museum Enschede | Coleoptera Nederland | 2817-2832 | Scarabaeidae, Lucanidae"|Gnorimus variabilis|1
09-01|"Natuurhistorisch museum Enschede | Coleoptera Nederland | 2817-2832 | Scarabaeidae, Lucanidae"|Gnorimus nobilis|4
09-01|"Natuurhistorisch museum Enschede | Coleoptera Nederland | 2817-2832 | Scarabaeidae, Lucanidae"|Trichius fasciatus|11
09-01|"Natuurhistorisch museum Enschede | Coleoptera Nederland | 2817-2832 | Scarabaeidae, Lucanidae"|Trichius zonatus|12
09-01|"Natuurhistorisch museum Enschede | Coleoptera Nederland | 2817-2832 | Scarabaeidae, Lucanidae"|Oxythyrea funesta|4
09-01|"Natuurhistorisch museum Enschede | Coleoptera Nederland | 2817-2832 | Scarabaeidae, Lucanidae"|Cetonia aurata|12
09-01|"Natuurhistorisch museum Enschede | Coleoptera Nederland | 2817-2832 | Scarabaeidae, Lucanidae"|Potosia cuprea|5
09-02|"Natuurhistorisch museum Enschede | Coleoptera Nederland | 2733-2776 | Scarabaeidae"|Copris lunaris|4
09-02|"Natuurhistorisch museum Enschede | Coleoptera Nederland | 2733-2776 | Scarabaeidae"|Caccobius schreberi|2
09-02|"Natuurhistorisch museum Enschede | Coleoptera Nederland | 2733-2776 | Scarabaeidae"|Onthophagus taurus|4
09-02|"Natuurhistorisch museum Enschede | Coleoptera Nederland | 2733-2776 | Scarabaeidae"|Onthophagus ovatus|5
09-02|"Natuurhistorisch museum Enschede | Coleoptera Nederland | 2733-2776 | Scarabaeidae"|Onthophagus fracticornis|13
09-02|"Natuurhistorisch museum Enschede | Coleoptera Nederland | 2733-2776 | Scarabaeidae"|Onthophagus coenobiata|9
09-02|"Natuurhistorisch museum Enschede | Coleoptera Nederland | 2733-2776 | Scarabaeidae"|Onthophagus vaccai|3
09-02|"Natuurhistorisch museum Enschede | Coleoptera Nederland | 2733-2776 | Scarabaeidae"|Onthophagus nuchicornis|3
09-02|"Natuurhistorisch museum Enschede | Coleoptera Nederland | 2733-2776 | Scarabaeidae"|Odontaeus armiger|1
09-02|"Natuurhistorisch museum Enschede | Coleoptera Nederland | 2733-2776 | Scarabaeidae"|Ceratophyus typhoeus|11
09-02|"Natuurhistorisch museum Enschede | Coleoptera Nederland | 2733-2776 | Scarabaeidae"|Geotrupes mutator|3
09-02|"Natuurhistorisch museum Enschede | Coleoptera Nederland | 2733-2776 | Scarabaeidae"|Geotrupes spiniger|2
09-02|"Natuurhistorisch museum Enschede | Coleoptera Nederland | 2733-2776 | Scarabaeidae"|Geotrupes stercorarius|6
09-02|"Natuurhistorisch museum Enschede | Coleoptera Nederland | 2733-2776 | Scarabaeidae"|Geotrupes niger|5
09-02|"Natuurhistorisch museum Enschede | Coleoptera Nederland | 2733-2776 | Scarabaeidae"|Geotrupes stercorosus|7
09-02|"Natuurhistorisch museum Enschede | Coleoptera Nederland | 2733-2776 | Scarabaeidae"|Geotrupes vernalis|8
09-02|"Natuurhistorisch museum Enschede | Coleoptera Nederland | 2733-2776 | Scarabaeidae"|Aphodius erraticus|3
09-02|"Natuurhistorisch museum Enschede | Coleoptera Nederland | 2733-2776 | Scarabaeidae"|Aphodius subterraneus|1
09-02|"Natuurhistorisch museum Enschede | Coleoptera Nederland | 2733-2776 | Scarabaeidae"|Aphodius fossor|12
09-02|"Natuurhistorisch museum Enschede | Coleoptera Nederland | 2733-2776 | Scarabaeidae"|Aphodius haemorrhoidalis|3
09-02|"Natuurhistorisch museum Enschede | Coleoptera Nederland | 2733-2776 | Scarabaeidae"|Aphodius brevis|2
09-02|"Natuurhistorisch museum Enschede | Coleoptera Nederland | 2733-2776 | Scarabaeidae"|Aphodius luridus|12
09-02|"Natuurhistorisch museum Enschede | Coleoptera Nederland | 2733-2776 | Scarabaeidae"|Aphodius rufipes|11
09-02|"Natuurhistorisch museum Enschede | Coleoptera Nederland | 2733-2776 | Scarabaeidae"|Aphodius sticticus|2
09-02|"Natuurhistorisch museum Enschede | Coleoptera Nederland | 2733-2776 | Scarabaeidae"|Aphodius inquinatus|13
09-02|"Natuurhistorisch museum Enschede | Coleoptera Nederland | 2733-2776 | Scarabaeidae"|Aphodius contaminatus|7
09-02|"Natuurhistorisch museum Enschede | Coleoptera Nederland | 2733-2776 | Scarabaeidae"|Aphodius prodromus|21
09-02|"Natuurhistorisch museum Enschede | Coleoptera Nederland | 2733-2776 | Scarabaeidae"|Aphodius punctatosulcatus|4
09-02|"Natuurhistorisch museum Enschede | Coleoptera Nederland | 2733-2776 | Scarabaeidae"|Aphodius merdarius|4
09-02|"Natuurhistorisch museum Enschede | Coleoptera Nederland | 2733-2776 | Scarabaeidae"|Aphodius pusillus|7
09-03|"Natuurhistorisch museum Enschede | Coleoptera Nederland | 2777-2816 | Scarabaeidae"|Aphodius fimetarius|2
09-03|"Natuurhistorisch museum Enschede | Coleoptera Nederland | 2777-2816 | Scarabaeidae"|Aphodius foetus|2
09-03|"Natuurhistorisch museum Enschede | Coleoptera Nederland | 2777-2816 | Scarabaeidae"|Aphodius scybalarius|2
09-03|"Natuurhistorisch museum Enschede | Coleoptera Nederland | 2777-2816 | Scarabaeidae"|Aphodius ater|15
09-03|"Natuurhistorisch museum Enschede | Coleoptera Nederland | 2777-2816 | Scarabaeidae"|Aphodius sordidus|5
09-03|"Natuurhistorisch museum Enschede | Coleoptera Nederland | 2777-2816 | Scarabaeidae"|Aphodius rufus|16
09-03|"Natuurhistorisch museum Enschede | Coleoptera Nederland | 2777-2816 | Scarabaeidae"|Aphodius granarius|16
09-03|"Natuurhistorisch museum Enschede | Coleoptera Nederland | 2777-2816 | Scarabaeidae"|Pleurophorus caesus|2
09-03|"Natuurhistorisch museum Enschede | Coleoptera Nederland | 2777-2816 | Scarabaeidae"|Aegialia arenaria|8
09-03|"Natuurhistorisch museum Enschede | Coleoptera Nederland | 2777-2816 | Scarabaeidae"|Trox scabulosus|1
09-03|"Natuurhistorisch museum Enschede | Coleoptera Nederland | 2777-2816 | Scarabaeidae"|Serica brunnea|8
09-03|"Natuurhistorisch museum Enschede | Coleoptera Nederland | 2777-2816 | Scarabaeidae"|Amphimallon solstitialis|10
09-03|"Natuurhistorisch museum Enschede | Coleoptera Nederland | 2777-2816 | Scarabaeidae"|Polyphylla fullo|5
09-03|"Natuurhistorisch museum Enschede | Coleoptera Nederland | 2777-2816 | Scarabaeidae"|Melolontha vulgaris|4
09-03|"Natuurhistorisch museum Enschede | Coleoptera Nederland | 2777-2816 | Scarabaeidae"|Melolontha hippocastani|4
09-03|"Natuurhistorisch museum Enschede | Coleoptera Nederland | 2777-2816 | Scarabaeidae"|Anomaia aenea|9
09-03|"Natuurhistorisch museum Enschede | Coleoptera Nederland | 2777-2816 | Scarabaeidae"|Phyllopertha horticola|7
09-03|"Natuurhistorisch museum Enschede | Coleoptera Nederland | 2777-2816 | Scarabaeidae"|Anisoplia segetum|2
09-03|"Natuurhistorisch museum Enschede | Coleoptera Nederland | 2777-2816 | Scarabaeidae"|Anisoplia agricola|7
09-03|"Natuurhistorisch museum Enschede | Coleoptera Nederland | 2777-2816 | Scarabaeidae"|Hoplia philanthus|1
09-03|"Natuurhistorisch museum Enschede | Coleoptera Nederland | 2777-2816 | Scarabaeidae"|Hoplia graminicola|2
09-04|"Natuurhistorisch museum Enschede | Coleoptera Nederland | 2188-2229 | Nitidulidae"|Carpophilus dimidiatus|1
09-04|"Natuurhistorisch museum Enschede | Coleoptera Nederland | 2188-2229 | Nitidulidae"|Carpophilus sexpustulatus|15
09-04|"Natuurhistorisch museum Enschede | Coleoptera Nederland | 2188-2229 | Nitidulidae"|Nitidula bipunctata|1
09-04|"Natuurhistorisch museum Enschede | Coleoptera Nederland | 2188-2229 | Nitidulidae"|Nitidula rufipes|12
09-04|"Natuurhistorisch museum Enschede | Coleoptera Nederland | 2188-2229 | Nitidulidae"|Omosita depressa|4
09-04|"Natuurhistorisch museum Enschede | Coleoptera Nederland | 2188-2229 | Nitidulidae"|Omosita discoidea|3
09-04|"Natuurhistorisch museum Enschede | Coleoptera Nederland | 2188-2229 | Nitidulidae"|Omosita colon|6
09-04|"Natuurhistorisch museum Enschede | Coleoptera Nederland | 2188-2229 | Nitidulidae"|Epuraea unicolor|2
09-04|"Natuurhistorisch museum Enschede | Coleoptera Nederland | 2188-2229 | Nitidulidae"|Epuraea abietina|1
09-04|"Natuurhistorisch museum Enschede | Coleoptera Nederland | 2188-2229 | Nitidulidae"|Soronia grisea|10
09-04|"Natuurhistorisch museum Enschede | Coleoptera Nederland | 2188-2229 | Nitidulidae"|Cychramus luteus|2
09-04|"Natuurhistorisch museum Enschede | Coleoptera Nederland | 2188-2229 | Nitidulidae"|Pocadius ferrugineus|10
09-04|"Natuurhistorisch museum Enschede | Coleoptera Nederland | 2188-2229 | Nitidulidae"|Glischrochilus 4-guttatus|11
09-04|"Natuurhistorisch museum Enschede | Coleoptera Nederland | 2188-2229 | Nitidulidae"|Glischrochilus olivieri|16
09-04|"Natuurhistorisch museum Enschede | Coleoptera Nederland | 2188-2229 | Nitidulidae"|Glischrochilus 4-pustulatus|13
09-05|"Natuurhistorisch museum Enschede | Coleoptera Nederland | 2627-2690 | divers"|Anthicus bimaculatus|10
09-05|"Natuurhistorisch museum Enschede | Coleoptera Nederland | 2627-2690 | divers"|Cerocoma schaefferi|4
09-05|"Natuurhistorisch museum Enschede | Coleoptera Nederland | 2627-2690 | divers"|Lytta vesicatoria|8
09-05|"Natuurhistorisch museum Enschede | Coleoptera Nederland | 2627-2690 | divers"|Meloe proscarabeus|5
09-05|"Natuurhistorisch museum Enschede | Coleoptera Nederland | 2627-2690 | divers"|Meloe violaceus|1
09-05|"Natuurhistorisch museum Enschede | Coleoptera Nederland | 2627-2690 | divers"|Meloe variegatus|1
09-05|"Natuurhistorisch museum Enschede | Coleoptera Nederland | 2627-2690 | divers"|Meloe brevicollis|2
09-05|"Natuurhistorisch museum Enschede | Coleoptera Nederland | 2627-2690 | divers"|Apalus muralis|2
09-05|"Natuurhistorisch museum Enschede | Coleoptera Nederland | 2627-2690 | divers"|Metoecus paradoxus|1
09-05|"Natuurhistorisch museum Enschede | Coleoptera Nederland | 2627-2690 | divers"|Mordellochroa abdominalis|1
09-05|"Natuurhistorisch museum Enschede | Coleoptera Nederland | 2627-2690 | divers"|Anaspis frontalis|3
09-05|"Natuurhistorisch museum Enschede | Coleoptera Nederland | 2627-2690 | divers"|Anaspis thoracica|1
09-05|"Natuurhistorisch museum Enschede | Coleoptera Nederland | 2627-2690 | divers"|Anaspis maculata|1
09-05|"Natuurhistorisch museum Enschede | Coleoptera Nederland | 2627-2690 | divers"|Anaspis costai|1
09-05|"Natuurhistorisch museum Enschede | Coleoptera Nederland | 2627-2690 | divers"|Anaspis flava|1
09-05|"Natuurhistorisch museum Enschede | Coleoptera Nederland | 2627-2690 | divers"|Tetratoma fungorum|1
09-05|"Natuurhistorisch museum Enschede | Coleoptera Nederland | 2627-2690 | divers"|Hallomenus binotatus|3
09-05|"Natuurhistorisch museum Enschede | Coleoptera Nederland | 2627-2690 | divers"|Orchesia undulata|3
09-05|"Natuurhistorisch museum Enschede | Coleoptera Nederland | 2627-2690 | divers"|Melandrya caraboides|10
09-05|"Natuurhistorisch museum Enschede | Coleoptera Nederland | 2627-2690 | divers"|Lagria hirta|11
09-05|"Natuurhistorisch museum Enschede | Coleoptera Nederland | 2627-2690 | divers"|NN NN|8
09-06|"Natuurhistorisch museum Enschede | Coleoptera Nederland | 2576-2626 | divers"|Gibbium psylloides|1
09-06|"Natuurhistorisch museum Enschede | Coleoptera Nederland | 2576-2626 | divers"|Niptus holoeucus|1
09-06|"Natuurhistorisch museum Enschede | Coleoptera Nederland | 2576-2626 | divers"|Ptinus rufipes|1
09-06|"Natuurhistorisch museum Enschede | Coleoptera Nederland | 2576-2626 | divers"|Ptinus tectus|1
09-06|"Natuurhistorisch museum Enschede | Coleoptera Nederland | 2576-2626 | divers"|Nacerda melanura|10
09-06|"Natuurhistorisch museum Enschede | Coleoptera Nederland | 2576-2626 | divers"|Chrysanthia viridis|12
09-06|"Natuurhistorisch museum Enschede | Coleoptera Nederland | 2576-2626 | divers"|Oedemera flavipes|3
09-06|"Natuurhistorisch museum Enschede | Coleoptera Nederland | 2576-2626 | divers"|Oedemera podagrariae|1
09-06|"Natuurhistorisch museum Enschede | Coleoptera Nederland | 2576-2626 | divers"|Oedemera nobilis|8
09-06|"Natuurhistorisch museum Enschede | Coleoptera Nederland | 2576-2626 | divers"|Oedemera virescens|6
09-06|"Natuurhistorisch museum Enschede | Coleoptera Nederland | 2576-2626 | divers"|Oedemera lurida|2
09-06|"Natuurhistorisch museum Enschede | Coleoptera Nederland | 2576-2626 | divers"|Pytho depressus|16
09-06|"Natuurhistorisch museum Enschede | Coleoptera Nederland | 2576-2626 | divers"|Salpingus castaneus|5
09-06|"Natuurhistorisch museum Enschede | Coleoptera Nederland | 2576-2626 | divers"|Rhinosimus planirostris|5
09-06|"Natuurhistorisch museum Enschede | Coleoptera Nederland | 2576-2626 | divers"|Rhinosimus ruficollis|3
09-06|"Natuurhistorisch museum Enschede | Coleoptera Nederland | 2576-2626 | divers"|Mycterus curculionoides|3
09-06|"Natuurhistorisch museum Enschede | Coleoptera Nederland | 2576-2626 | divers"|Pyrochroa coccinea|28
09-06|"Natuurhistorisch museum Enschede | Coleoptera Nederland | 2576-2626 | divers"|Pyrochroa serraticornis|27
09-06|"Natuurhistorisch museum Enschede | Coleoptera Nederland | 2576-2626 | divers"|Schizotus pectinicornis|9
09-06|"Natuurhistorisch museum Enschede | Coleoptera Nederland | 2576-2626 | divers"|Notoxus monoceros|13
09-06|"Natuurhistorisch museum Enschede | Coleoptera Nederland | 2576-2626 | divers"|Anthicus floralis|9
09-06|"Natuurhistorisch museum Enschede | Coleoptera Nederland | 2576-2626 | divers"|Oedemera croceicollis|9
09-07|Schenking H. Bosz.; Anthribidae / Curculionidae 1|Platyrrhinus resinosus|8
09-07|Schenking H. Bosz.; Anthribidae / Curculionidae 1|Anthribus albinus|4
09-07|Schenking H. Bosz.; Anthribidae / Curculionidae 1|Urodon suturalis|7
09-07|Schenking H. Bosz.; Anthribidae / Curculionidae 1|Rhinomacer attelaboides|2
09-07|Schenking H. Bosz.; Anthribidae / Curculionidae 1|Doydirhynchus austriacus|14
09-07|Schenking H. Bosz.; Anthribidae / Curculionidae 1|Pselaphorhynchus nanus|2
09-07|Schenking H. Bosz.; Anthribidae / Curculionidae 1|Pselaphorhynchus tomentosus|10
09-07|Schenking H. Bosz.; Anthribidae / Curculionidae 1|Pselaphorhynchus longiceps|1
09-07|Schenking H. Bosz.; Anthribidae / Curculionidae 1|Lasiorhynchites sericeus|4
09-07|Schenking H. Bosz.; Anthribidae / Curculionidae 1|Lasiorhynchites cavifrons|5
09-07|Schenking H. Bosz.; Anthribidae / Curculionidae 1|Lasiorhynchites coeruleocephalus|5
09-07|Schenking H. Bosz.; Anthribidae / Curculionidae 1|Coenorhinus germanicus|11
09-07|Schenking H. Bosz.; Anthribidae / Curculionidae 1|Coenorhinus aenovirens|4
09-07|Schenking H. Bosz.; Anthribidae / Curculionidae 1|Coenorhinus pauxillus|3
09-07|Schenking H. Bosz.; Anthribidae / Curculionidae 1|Coenorhinus aequatus|9
09-07|Schenking H. Bosz.; Anthribidae / Curculionidae 1|Rhynchitus coeruleus|1
09-07|Schenking H. Bosz.; Anthribidae / Curculionidae 1|Rhynchitus hungaricus|12
09-07|Schenking H. Bosz.; Anthribidae / Curculionidae 1|Rhynchitus cupreus|9
09-07|Schenking H. Bosz.; Anthribidae / Curculionidae 1|Rhynchitus auratus|10
09-07|Schenking H. Bosz.; Anthribidae / Curculionidae 1|Rhynchitus giganteus|3
09-07|Schenking H. Bosz.; Anthribidae / Curculionidae 1|Rhynchitus bacchus|2
09-07|Schenking H. Bosz.; Anthribidae / Curculionidae 1|Bytiscus betulae|10
09-07|Schenking H. Bosz.; Anthribidae / Curculionidae 1|Deporatus betulae|8
09-07|Schenking H. Bosz.; Anthribidae / Curculionidae 1|Attelabus nitens|5
09-07|Schenking H. Bosz.; Anthribidae / Curculionidae 1|Apoderus coryli|10
09-07|Schenking H. Bosz.; Anthribidae / Curculionidae 1|Bytiscus populi|6
09-08|Schenking H. Bosz.; Anthribidae / Curculionidae 3; ik heb eerste soorten onder Apion gerangschikt, maar heeft nog aandacht nodig. Apion was oud verzamel/rest geslacht. Kost wel even tijd. Is inderdaad doorlopend van doos 2|Apion spencei|3
09-08|Schenking H. Bosz.; Anthribidae / Curculionidae 3; ik heb eerste soorten onder Apion gerangschikt, maar heeft nog aandacht nodig. Apion was oud verzamel/rest geslacht. Kost wel even tijd. Is inderdaad doorlopend van doos 2|Apion punctigerum|5
09-08|Schenking H. Bosz.; Anthribidae / Curculionidae 3; ik heb eerste soorten onder Apion gerangschikt, maar heeft nog aandacht nodig. Apion was oud verzamel/rest geslacht. Kost wel even tijd. Is inderdaad doorlopend van doos 2|Apion facetum|1
09-08|Schenking H. Bosz.; Anthribidae / Curculionidae 3; ik heb eerste soorten onder Apion gerangschikt, maar heeft nog aandacht nodig. Apion was oud verzamel/rest geslacht. Kost wel even tijd. Is inderdaad doorlopend van doos 2|Apion reflexum|2
09-08|Schenking H. Bosz.; Anthribidae / Curculionidae 3; ik heb eerste soorten onder Apion gerangschikt, maar heeft nog aandacht nodig. Apion was oud verzamel/rest geslacht. Kost wel even tijd. Is inderdaad doorlopend van doos 2|Apion vorax|1
09-08|Schenking H. Bosz.; Anthribidae / Curculionidae 3; ik heb eerste soorten onder Apion gerangschikt, maar heeft nog aandacht nodig. Apion was oud verzamel/rest geslacht. Kost wel even tijd. Is inderdaad doorlopend van doos 2|Apion ononis|10
09-08|Schenking H. Bosz.; Anthribidae / Curculionidae 3; ik heb eerste soorten onder Apion gerangschikt, maar heeft nog aandacht nodig. Apion was oud verzamel/rest geslacht. Kost wel even tijd. Is inderdaad doorlopend van doos 2|Apion simile|10
09-08|Schenking H. Bosz.; Anthribidae / Curculionidae 3; ik heb eerste soorten onder Apion gerangschikt, maar heeft nog aandacht nodig. Apion was oud verzamel/rest geslacht. Kost wel even tijd. Is inderdaad doorlopend van doos 2|Apion viciae|9
09-08|Schenking H. Bosz.; Anthribidae / Curculionidae 3; ik heb eerste soorten onder Apion gerangschikt, maar heeft nog aandacht nodig. Apion was oud verzamel/rest geslacht. Kost wel even tijd. Is inderdaad doorlopend van doos 2|Apion opeticum|1
09-08|Schenking H. Bosz.; Anthribidae / Curculionidae 3; ik heb eerste soorten onder Apion gerangschikt, maar heeft nog aandacht nodig. Apion was oud verzamel/rest geslacht. Kost wel even tijd. Is inderdaad doorlopend van doos 2|Apion craccae|4
09-08|Schenking H. Bosz.; Anthribidae / Curculionidae 3; ik heb eerste soorten onder Apion gerangschikt, maar heeft nog aandacht nodig. Apion was oud verzamel/rest geslacht. Kost wel even tijd. Is inderdaad doorlopend van doos 2|Apion cerdo|10
09-08|Schenking H. Bosz.; Anthribidae / Curculionidae 3; ik heb eerste soorten onder Apion gerangschikt, maar heeft nog aandacht nodig. Apion was oud verzamel/rest geslacht. Kost wel even tijd. Is inderdaad doorlopend van doos 2|Apion pomonae|3
09-08|Schenking H. Bosz.; Anthribidae / Curculionidae 3; ik heb eerste soorten onder Apion gerangschikt, maar heeft nog aandacht nodig. Apion was oud verzamel/rest geslacht. Kost wel even tijd. Is inderdaad doorlopend van doos 2|Apion ochropus|2
09-08|Schenking H. Bosz.; Anthribidae / Curculionidae 3; ik heb eerste soorten onder Apion gerangschikt, maar heeft nog aandacht nodig. Apion was oud verzamel/rest geslacht. Kost wel even tijd. Is inderdaad doorlopend van doos 2|Apion virens|8
09-08|Schenking H. Bosz.; Anthribidae / Curculionidae 3; ik heb eerste soorten onder Apion gerangschikt, maar heeft nog aandacht nodig. Apion was oud verzamel/rest geslacht. Kost wel even tijd. Is inderdaad doorlopend van doos 2|Apion elegantulum|3
09-08|Schenking H. Bosz.; Anthribidae / Curculionidae 3; ik heb eerste soorten onder Apion gerangschikt, maar heeft nog aandacht nodig. Apion was oud verzamel/rest geslacht. Kost wel even tijd. Is inderdaad doorlopend van doos 2|Apion astragali|10
09-08|Schenking H. Bosz.; Anthribidae / Curculionidae 3; ik heb eerste soorten onder Apion gerangschikt, maar heeft nog aandacht nodig. Apion was oud verzamel/rest geslacht. Kost wel even tijd. Is inderdaad doorlopend van doos 2|Apion flavipes|9
09-08|Schenking H. Bosz.; Anthribidae / Curculionidae 3; ik heb eerste soorten onder Apion gerangschikt, maar heeft nog aandacht nodig. Apion was oud verzamel/rest geslacht. Kost wel even tijd. Is inderdaad doorlopend van doos 2|Apion nigritarse|1
09-08|Schenking H. Bosz.; Anthribidae / Curculionidae 3; ik heb eerste soorten onder Apion gerangschikt, maar heeft nog aandacht nodig. Apion was oud verzamel/rest geslacht. Kost wel even tijd. Is inderdaad doorlopend van doos 2|Apion trifolii|6
09-08|Schenking H. Bosz.; Anthribidae / Curculionidae 3; ik heb eerste soorten onder Apion gerangschikt, maar heeft nog aandacht nodig. Apion was oud verzamel/rest geslacht. Kost wel even tijd. Is inderdaad doorlopend van doos 2|Apion apricans|10
09-08|Schenking H. Bosz.; Anthribidae / Curculionidae 3; ik heb eerste soorten onder Apion gerangschikt, maar heeft nog aandacht nodig. Apion was oud verzamel/rest geslacht. Kost wel even tijd. Is inderdaad doorlopend van doos 2|Apion varipes|2
09-08|Schenking H. Bosz.; Anthribidae / Curculionidae 3; ik heb eerste soorten onder Apion gerangschikt, maar heeft nog aandacht nodig. Apion was oud verzamel/rest geslacht. Kost wel even tijd. Is inderdaad doorlopend van doos 2|Apion assimile|2
09-08|Schenking H. Bosz.; Anthribidae / Curculionidae 3; ik heb eerste soorten onder Apion gerangschikt, maar heeft nog aandacht nodig. Apion was oud verzamel/rest geslacht. Kost wel even tijd. Is inderdaad doorlopend van doos 2|Apion ononicola|1
09-08|Schenking H. Bosz.; Anthribidae / Curculionidae 3; ik heb eerste soorten onder Apion gerangschikt, maar heeft nog aandacht nodig. Apion was oud verzamel/rest geslacht. Kost wel even tijd. Is inderdaad doorlopend van doos 2|Apion tubiferum|1
09-08|Schenking H. Bosz.; Anthribidae / Curculionidae 3; ik heb eerste soorten onder Apion gerangschikt, maar heeft nog aandacht nodig. Apion was oud verzamel/rest geslacht. Kost wel even tijd. Is inderdaad doorlopend van doos 2|Apion artemisiae|1
09-08|Schenking H. Bosz.; Anthribidae / Curculionidae 3; ik heb eerste soorten onder Apion gerangschikt, maar heeft nog aandacht nodig. Apion was oud verzamel/rest geslacht. Kost wel even tijd. Is inderdaad doorlopend van doos 2|Brachycerus sinuatus|1
09-08|Schenking H. Bosz.; Anthribidae / Curculionidae 3; ik heb eerste soorten onder Apion gerangschikt, maar heeft nog aandacht nodig. Apion was oud verzamel/rest geslacht. Kost wel even tijd. Is inderdaad doorlopend van doos 2|Brachycerus algirus|1
09-08|Schenking H. Bosz.; Anthribidae / Curculionidae 3; ik heb eerste soorten onder Apion gerangschikt, maar heeft nog aandacht nodig. Apion was oud verzamel/rest geslacht. Kost wel even tijd. Is inderdaad doorlopend van doos 2|Brachycerus junix|4
09-09|Schenking H. Bosz.; Anthribidae / Curculionidae 5|Othiorhynchus fortis|8
09-09|Schenking H. Bosz.; Anthribidae / Curculionidae 5|Othiorhynchus plumipes|2
09-09|Schenking H. Bosz.; Anthribidae / Curculionidae 5|Othiorhynchus chrysocomus|1
09-09|Schenking H. Bosz.; Anthribidae / Curculionidae 5|Othiorhynchus repletus|4
09-09|Schenking H. Bosz.; Anthribidae / Curculionidae 5|Othiorhynchus malefidus|3
09-09|Schenking H. Bosz.; Anthribidae / Curculionidae 5|Othiorhynchus consentaneus|8
09-09|Schenking H. Bosz.; Anthribidae / Curculionidae 5|Othiorhynchus impressiventris|2
09-09|Schenking H. Bosz.; Anthribidae / Curculionidae 5|Othiorhynchus lasius|1
09-09|Schenking H. Bosz.; Anthribidae / Curculionidae 5|Othiorhynchus signatipennis|10
09-09|Schenking H. Bosz.; Anthribidae / Curculionidae 5|Othiorhynchus signatipennis ssp. illyricus|4
09-09|Schenking H. Bosz.; Anthribidae / Curculionidae 5|Othiorhynchus hospitus|8
09-09|Schenking H. Bosz.; Anthribidae / Curculionidae 5|Othiorhynchus halbherri|2
09-09|Schenking H. Bosz.; Anthribidae / Curculionidae 5|Othiorhynchus vehemens|4
09-09|Schenking H. Bosz.; Anthribidae / Curculionidae 5|Othiorhynchus ovalipennis|10
09-09|Schenking H. Bosz.; Anthribidae / Curculionidae 5|Othiorhynchus denigrato|1
09-09|Schenking H. Bosz.; Anthribidae / Curculionidae 5|Othiorhynchus gilgitensis|1
09-09|Schenking H. Bosz.; Anthribidae / Curculionidae 5|Othiorhynchus smreczynskii|1
09-09|Schenking H. Bosz.; Anthribidae / Curculionidae 5|Othiorhynchus dieckmanni|1
09-09|Schenking H. Bosz.; Anthribidae / Curculionidae 5|Othiorhynchus sulcatellus|1
09-09|Schenking H. Bosz.; Anthribidae / Curculionidae 5|Othiorhynchus mülleri|1
09-09|Schenking H. Bosz.; Anthribidae / Curculionidae 5|Othiorhynchus semitarius|1
09-09|Schenking H. Bosz.; Anthribidae / Curculionidae 5|Othiorhynchus heeri|1
09-09|Schenking H. Bosz.; Anthribidae / Curculionidae 5|Othiorhynchus deubeli|1
09-09|Schenking H. Bosz.; Anthribidae / Curculionidae 5|Othiorhynchus populeti|1
09-09|Schenking H. Bosz.; Anthribidae / Curculionidae 5|Othiorhynchus borshii|1
09-09|Schenking H. Bosz.; Anthribidae / Curculionidae 5|Othiorhynchus tatarchani|1
09-09|Schenking H. Bosz.; Anthribidae / Curculionidae 5|Othiorhynchus stricticollis|1
09-09|Schenking H. Bosz.; Anthribidae / Curculionidae 5|Othiorhynchus azaleae|1
09-09|Schenking H. Bosz.; Anthribidae / Curculionidae 5|Othiorhynchus eremicola|1
09-09|Schenking H. Bosz.; Anthribidae / Curculionidae 5|Othiorhynchus gobanzi|1
09-09|Schenking H. Bosz.; Anthribidae / Curculionidae 5|Othiorhynchus frescati|1
09-09|Schenking H. Bosz.; Anthribidae / Curculionidae 5|Othiorhynchus difficilus|1
09-09|Schenking H. Bosz.; Anthribidae / Curculionidae 5|Othiorhynchus apfelbecki|1
09-09|Schenking H. Bosz.; Anthribidae / Curculionidae 5|Othiorhynchus bertarinii|1
09-09|Schenking H. Bosz.; Anthribidae / Curculionidae 5|Othiorhynchus foraminosus|1
09-09|Schenking H. Bosz.; Anthribidae / Curculionidae 5|Othiorhynchus caesipes|1
09-09|Schenking H. Bosz.; Anthribidae / Curculionidae 5|Othiorhynchus hungaricus|1
09-09|Schenking H. Bosz.; Anthribidae / Curculionidae 5|Othiorhynchus lanuginosus|1
09-09|Schenking H. Bosz.; Anthribidae / Curculionidae 5|Othiorhynchus civis|1
09-09|Schenking H. Bosz.; Anthribidae / Curculionidae 5|Othiorhynchus pyrenaeum|1
09-09|Schenking H. Bosz.; Anthribidae / Curculionidae 5|Othiorhynchus rhacusensis|1
09-09|Schenking H. Bosz.; Anthribidae / Curculionidae 5|Othiorhynchus nobilis|1
09-09|Schenking H. Bosz.; Anthribidae / Curculionidae 5|Othiorhynchus auricapillus|1
09-09|Schenking H. Bosz.; Anthribidae / Curculionidae 5|Anisorrhynchus monachus|1
09-09|Schenking H. Bosz.; Anthribidae / Curculionidae 5|Troglorhynchus brixiensis|14
09-09|Schenking H. Bosz.; Anthribidae / Curculionidae 5|Homorhythmus hirticornis|2
09-09|Schenking H. Bosz.; Anthribidae / Curculionidae 5|Peritelus sphaeroides|10
09-09|Schenking H. Bosz.; Anthribidae / Curculionidae 5|Peritelus flavipennis|12
09-09|Schenking H. Bosz.; Anthribidae / Curculionidae 5|Peritelus senex|12
09-09|Schenking H. Bosz.; Anthribidae / Curculionidae 5|Phyllobius sinuatus|1
09-09|Schenking H. Bosz.; Anthribidae / Curculionidae 5|Phyllobius viridicollis|2
09-09|Schenking H. Bosz.; Anthribidae / Curculionidae 5|Phyllobius virideaeris|8
09-09|Schenking H. Bosz.; Anthribidae / Curculionidae 5|Phyllobius parvulus|4
09-09|Schenking H. Bosz.; Anthribidae / Curculionidae 5|Phyllobius oblongus|8
09-09|Schenking H. Bosz.; Anthribidae / Curculionidae 5|Phyllobius arborator|10
09-09|Schenking H. Bosz.; Anthribidae / Curculionidae 5|Phyllobius urticae|8
09-09|Schenking H. Bosz.; Anthribidae / Curculionidae 5|Phyllobius calcaratus|8
09-09|Schenking H. Bosz.; Anthribidae / Curculionidae 5|Phyllobius maculicornis|6
09-09|Schenking H. Bosz.; Anthribidae / Curculionidae 5|Phyllobius pictus|4
09-09|Schenking H. Bosz.; Anthribidae / Curculionidae 5|Phyllobius argentus|5
09-09|Schenking H. Bosz.; Anthribidae / Curculionidae 5|Phyllobius pyri|10
09-09|Schenking H. Bosz.; Anthribidae / Curculionidae 5|Phyllobius betulae|10
09-10|Schenking H. Bosz.; Anthribidae / Curculionidae 7|Brachyderus incanus|10
09-10|Schenking H. Bosz.; Anthribidae / Curculionidae 7|Brachyderus pubescens|8
09-10|Schenking H. Bosz.; Anthribidae / Curculionidae 7|Strophomorphus porcellus|1
09-10|Schenking H. Bosz.; Anthribidae / Curculionidae 7|Strophomorphus albarius|10
09-10|Schenking H. Bosz.; Anthribidae / Curculionidae 7|Strophosoma melanogrammum|12
09-10|Schenking H. Bosz.; Anthribidae / Curculionidae 7|Strophosoma capitatum|15
09-10|Schenking H. Bosz.; Anthribidae / Curculionidae 7|Strophosoma laterale|8
09-10|Schenking H. Bosz.; Anthribidae / Curculionidae 7|Cneorhinus exaratus|1
09-10|Schenking H. Bosz.; Anthribidae / Curculionidae 7|Philopedon plagiatus|9
09-10|Schenking H. Bosz.; Anthribidae / Curculionidae 7|Barynotus margaritaceus|2
09-10|Schenking H. Bosz.; Anthribidae / Curculionidae 7|Barynotus obscurus|8
09-10|Schenking H. Bosz.; Anthribidae / Curculionidae 7|Geonemus flabellipes|1
09-10|Schenking H. Bosz.; Anthribidae / Curculionidae 7|Caulostrophus ottomanus|1
09-10|Schenking H. Bosz.; Anthribidae / Curculionidae 7|Sitona gressorius|12
09-10|Schenking H. Bosz.; Anthribidae / Curculionidae 7|Sitona griseus|12
09-10|Schenking H. Bosz.; Anthribidae / Curculionidae 7|Sitona cambricus|1
09-10|Schenking H. Bosz.; Anthribidae / Curculionidae 7|Sitona regensteinensis|10
09-10|Schenking H. Bosz.; Anthribidae / Curculionidae 7|Sitona tibialis|1
09-10|Schenking H. Bosz.; Anthribidae / Curculionidae 7|Sitona ambiguus|1
09-10|Schenking H. Bosz.; Anthribidae / Curculionidae 7|Sitona languidus|8
09-10|Schenking H. Bosz.; Anthribidae / Curculionidae 7|Sitona lineatus|8
09-10|Schenking H. Bosz.; Anthribidae / Curculionidae 7|Sitona suturalis|8
09-10|Schenking H. Bosz.; Anthribidae / Curculionidae 7|Sitona ononidis|1
09-10|Schenking H. Bosz.; Anthribidae / Curculionidae 7|Sitona sulcifrons|12
09-10|Schenking H. Bosz.; Anthribidae / Curculionidae 7|Sitona flavescens|12
09-10|Schenking H. Bosz.; Anthribidae / Curculionidae 7|Sitona crinitus|5
09-10|Schenking H. Bosz.; Anthribidae / Curculionidae 7|Sitona waterhousei|2
09-10|Schenking H. Bosz.; Anthribidae / Curculionidae 7|Sitona hispidulus|10
09-10|Schenking H. Bosz.; Anthribidae / Curculionidae 7|Sitona cylindricollis|5
09-10|Schenking H. Bosz.; Anthribidae / Curculionidae 7|Sitona humeralis|7
09-10|Schenking H. Bosz.; Anthribidae / Curculionidae 7|NN NN|10
09-10|Schenking H. Bosz.; Anthribidae / Curculionidae 7|Psalidium spinimanus|8
09-10|Schenking H. Bosz.; Anthribidae / Curculionidae 7|Psalidium aurigerum|1
09-10|Schenking H. Bosz.; Anthribidae / Curculionidae 7|Cycloderes fritillum|3
09-10|Schenking H. Bosz.; Anthribidae / Curculionidae 7|Tanymecus palliatus|8
09-10|Schenking H. Bosz.; Anthribidae / Curculionidae 7|Chlorophanus viridis|10
09-10|Schenking H. Bosz.; Anthribidae / Curculionidae 7|Chlorophanus graminicola|4
09-10|Schenking H. Bosz.; Anthribidae / Curculionidae 7|Chlorophanus excisus|2
09-10|Schenking H. Bosz.; Anthribidae / Curculionidae 7|Chlorophanus micans|2
09-10|Schenking H. Bosz.; Anthribidae / Curculionidae 7|Tropiphorus carinatus|4
09-10|Schenking H. Bosz.; Anthribidae / Curculionidae 7|Tropiphorus cucullatus|2
09-10|Schenking H. Bosz.; Anthribidae / Curculionidae 7|Tropiphorus globatus|1
09-10|Schenking H. Bosz.; Anthribidae / Curculionidae 7|Tropiphorus bertolinii|1
09-10|Schenking H. Bosz.; Anthribidae / Curculionidae 7|Lixus iridis|10
09-10|Schenking H. Bosz.; Anthribidae / Curculionidae 7|Lixus albomarginatus|1
09-10|Schenking H. Bosz.; Anthribidae / Curculionidae 7|Lixus punctiventris|1
09-10|Schenking H. Bosz.; Anthribidae / Curculionidae 7|Lixus pulverulentis|1
09-10|Schenking H. Bosz.; Anthribidae / Curculionidae 7|Lixus furcatus|1
09-10|Schenking H. Bosz.; Anthribidae / Curculionidae 7|Lixus cinerascens|1
09-10|Schenking H. Bosz.; Anthribidae / Curculionidae 7|Lixus filiformis|1
09-10|Schenking H. Bosz.; Anthribidae / Curculionidae 7|Lixus myagri|1
09-10|Schenking H. Bosz.; Anthribidae / Curculionidae 7|Lixus algirus|8
09-10|Schenking H. Bosz.; Anthribidae / Curculionidae 7|Lixus bardanae|2
09-10|Schenking H. Bosz.; Anthribidae / Curculionidae 7|Lixus scolopax|1
09-10|Schenking H. Bosz.; Anthribidae / Curculionidae 7|Lixus cardui|10
09-10|Schenking H. Bosz.; Anthribidae / Curculionidae 7|Lixus elongatus|10
09-10|Schenking H. Bosz.; Anthribidae / Curculionidae 7|Lixus mucronatus|10
09-10|Schenking H. Bosz.; Anthribidae / Curculionidae 7|Lixus anguinus|1
09-10|Schenking H. Bosz.; Anthribidae / Curculionidae 7|Lixus juncii|2
09-10|Schenking H. Bosz.; Anthribidae / Curculionidae 7|Larinus syriacus|1
09-10|Schenking H. Bosz.; Anthribidae / Curculionidae 7|Larinus gricescens|2
09-10|Schenking H. Bosz.; Anthribidae / Curculionidae 7|Larinus darsi|1
09-10|Schenking H. Bosz.; Anthribidae / Curculionidae 7|Larinus minutus|1
09-11|Schenking H. Bosz.; Anthribidae / Curculionidae 9|Bagous cylindrus|3
09-11|Schenking H. Bosz.; Anthribidae / Curculionidae 9|Bagous argillaceus|12
09-11|Schenking H. Bosz.; Anthribidae / Curculionidae 9|Bagous rotundicollis|2
09-11|Schenking H. Bosz.; Anthribidae / Curculionidae 9|Bagous limosus|2
09-11|Schenking H. Bosz.; Anthribidae / Curculionidae 9|Bagous tempestivus|3
09-11|Schenking H. Bosz.; Anthribidae / Curculionidae 9|Bagous lutulentus|3
09-11|Schenking H. Bosz.; Anthribidae / Curculionidae 9|Dorytomus longimanus|4
09-11|Schenking H. Bosz.; Anthribidae / Curculionidae 9|Dorytomus filirostris|2
09-11|Schenking H. Bosz.; Anthribidae / Curculionidae 9|Dorytomus tortrix|11
09-11|Schenking H. Bosz.; Anthribidae / Curculionidae 9|Dorytomus dejaeni|12
09-11|Schenking H. Bosz.; Anthribidae / Curculionidae 9|Dorytomus taeniatus|11
09-11|Schenking H. Bosz.; Anthribidae / Curculionidae 9|Dorytomus affinis|1
09-11|Schenking H. Bosz.; Anthribidae / Curculionidae 9|Dorytomus hirtipennis|10
09-11|Schenking H. Bosz.; Anthribidae / Curculionidae 9|Dorytomus ictor|7
09-11|Schenking H. Bosz.; Anthribidae / Curculionidae 9|Dorytomus nebulosus|2
09-11|Schenking H. Bosz.; Anthribidae / Curculionidae 9|Dorytomus melanophthalmus|5
09-11|Schenking H. Bosz.; Anthribidae / Curculionidae 9|Dorytomus rufatus|11
09-11|Schenking H. Bosz.; Anthribidae / Curculionidae 9|Notaris bimaculatus|1
09-11|Schenking H. Bosz.; Anthribidae / Curculionidae 9|Notaris scirpi|10
09-11|Schenking H. Bosz.; Anthribidae / Curculionidae 9|Notaris acridulus|12
09-11|Schenking H. Bosz.; Anthribidae / Curculionidae 9|Notaris aethiops|1
09-11|Schenking H. Bosz.; Anthribidae / Curculionidae 9|Thryogenes nereis|2
09-11|Schenking H. Bosz.; Anthribidae / Curculionidae 9|Thryogenes festucae|4
09-11|Schenking H. Bosz.; Anthribidae / Curculionidae 9|Grypus equiseti|7
09-11|Schenking H. Bosz.; Anthribidae / Curculionidae 9|Pachytychius squamosus|6
09-11|Schenking H. Bosz.; Anthribidae / Curculionidae 9|Acalypus carpini|12
09-11|Schenking H. Bosz.; Anthribidae / Curculionidae 9|Ellescus bipunctatus|12
09-11|Schenking H. Bosz.; Anthribidae / Curculionidae 9|Lignyodes enucleator|1
09-11|Schenking H. Bosz.; Anthribidae / Curculionidae 9|Acentrus histrio|12
09-12|Schenking H. Bosz.; Anthribidae / Curculionidae 11|Pissodes picea|4
09-12|Schenking H. Bosz.; Anthribidae / Curculionidae 11|Pissodes notatus|8
09-12|Schenking H. Bosz.; Anthribidae / Curculionidae 11|Pissodes validirostris|5
09-12|Schenking H. Bosz.; Anthribidae / Curculionidae 11|Pissodes scabricollis|1
09-12|Schenking H. Bosz.; Anthribidae / Curculionidae 11|Pissodes pini|10
09-12|Schenking H. Bosz.; Anthribidae / Curculionidae 11|Magdalis ruficornis|7
09-12|Schenking H. Bosz.; Anthribidae / Curculionidae 11|Magdalis barbicornis|2
09-12|Schenking H. Bosz.; Anthribidae / Curculionidae 11|Magdalis flavicornis|1
09-12|Schenking H. Bosz.; Anthribidae / Curculionidae 11|Magdalis cerasi|10
09-12|Schenking H. Bosz.; Anthribidae / Curculionidae 11|Magdalis armigera|3
09-12|Schenking H. Bosz.; Anthribidae / Curculionidae 11|Magdalis rufa|6
09-12|Schenking H. Bosz.; Anthribidae / Curculionidae 11|Magdalis phlegmatica|21
09-12|Schenking H. Bosz.; Anthribidae / Curculionidae 11|Magdalis memnonia|18
09-12|Schenking H. Bosz.; Anthribidae / Curculionidae 11|Magdalis frontalis|7
09-12|Schenking H. Bosz.; Anthribidae / Curculionidae 11|Magdalis violacea|1
09-12|Schenking H. Bosz.; Anthribidae / Curculionidae 11|Trachodes hispidus|4
09-12|Schenking H. Bosz.; Anthribidae / Curculionidae 11|Lepyrus palustris|10
09-12|Schenking H. Bosz.; Anthribidae / Curculionidae 11|Lepyrus capucinus|6
09-12|Schenking H. Bosz.; Anthribidae / Curculionidae 11|Hylobius piceus|2
09-12|Schenking H. Bosz.; Anthribidae / Curculionidae 11|Hylobius abietis|8
09-12|Schenking H. Bosz.; Anthribidae / Curculionidae 11|Hylobius transversovittatus|4
09-12|Schenking H. Bosz.; Anthribidae / Curculionidae 11|Liparus dirus|2
09-12|Schenking H. Bosz.; Anthribidae / Curculionidae 11|Liparus glabrirostris|6
09-12|Schenking H. Bosz.; Anthribidae / Curculionidae 11|Liparus germanus|9
09-12|Schenking H. Bosz.; Anthribidae / Curculionidae 11|Liparus illyricus|3
09-12|Schenking H. Bosz.; Anthribidae / Curculionidae 11|Liparus coronatus|8
09-12|Schenking H. Bosz.; Anthribidae / Curculionidae 11|Leiosoma deflexum|7
09-12|Schenking H. Bosz.; Anthribidae / Curculionidae 11|Leiosoma oblongulum|6
09-12|Schenking H. Bosz.; Anthribidae / Curculionidae 11|Leiosoma concinnum|6
09-12|Schenking H. Bosz.; Anthribidae / Curculionidae 11|Plinthus findeli|4
09-12|Schenking H. Bosz.; Anthribidae / Curculionidae 11|Neoplinthus tigratus|1
09-12|Schenking H. Bosz.; Anthribidae / Curculionidae 11|Epipolaeus caliginosus|3
09-12|Schenking H. Bosz.; Anthribidae / Curculionidae 11|Minyops carinatus|1
09-12|Schenking H. Bosz.; Anthribidae / Curculionidae 11|Alophus triguttatus|2
09-12|Schenking H. Bosz.; Anthribidae / Curculionidae 11|Donus intermedius|2
09-12|Schenking H. Bosz.; Anthribidae / Curculionidae 11|Donus segnis|2
09-12|Schenking H. Bosz.; Anthribidae / Curculionidae 11|Donus comatus|10
09-12|Schenking H. Bosz.; Anthribidae / Curculionidae 11|Donus velutinus|1
09-12|Schenking H. Bosz.; Anthribidae / Curculionidae 11|Hypera zoilus|7
09-12|Schenking H. Bosz.; Anthribidae / Curculionidae 11|Hypera adspersa|4
09-12|Schenking H. Bosz.; Anthribidae / Curculionidae 11|Hypera rumicis|10
09-12|Schenking H. Bosz.; Anthribidae / Curculionidae 11|Hypera arundis|1
09-12|Schenking H. Bosz.; Anthribidae / Curculionidae 11|Hypera striata|2
09-12|Schenking H. Bosz.; Anthribidae / Curculionidae 11|Hypera meles|8
09-12|Schenking H. Bosz.; Anthribidae / Curculionidae 11|Hypera trilineata|10
09-12|Schenking H. Bosz.; Anthribidae / Curculionidae 11|Hypera arator|10
09-12|Schenking H. Bosz.; Anthribidae / Curculionidae 11|Hypera pedestris|10
09-12|Schenking H. Bosz.; Anthribidae / Curculionidae 11|Hypera elongata|1
09-12|Schenking H. Bosz.; Anthribidae / Curculionidae 11|Hypera plantaginis|4
09-12|Schenking H. Bosz.; Anthribidae / Curculionidae 11|Hypera murina|1
09-12|Schenking H. Bosz.; Anthribidae / Curculionidae 11|Hypera postica|10
09-12|Schenking H. Bosz.; Anthribidae / Curculionidae 11|Hypera viciae|1
09-12|Schenking H. Bosz.; Anthribidae / Curculionidae 11|Hypera nigrirostris|11
09-13|Schenking H. Bosz.; Curculionidae 13|Amalorrhynchus melanarius|3
09-13|Schenking H. Bosz.; Curculionidae 13|Drupenatus nasturtii|1
09-13|Schenking H. Bosz.; Curculionidae 13|Poophagus sisymbrii|10
09-13|Schenking H. Bosz.; Curculionidae 13|Tapinotus sellatus|10
09-13|Schenking H. Bosz.; Curculionidae 13|Coeliodes rubicundus|8
09-13|Schenking H. Bosz.; Curculionidae 13|Coeliodes dryados|2
09-13|Schenking H. Bosz.; Curculionidae 13|Coeliodes trifasciatus|7
09-13|Schenking H. Bosz.; Curculionidae 13|Coeliodes ruber|1
09-13|Schenking H. Bosz.; Curculionidae 13|Coeliodes cinctus|3
09-13|Schenking H. Bosz.; Curculionidae 13|Coeliodes zonatus|1
09-13|Schenking H. Bosz.; Curculionidae 13|Thamiocolus niveus|1
09-13|Schenking H. Bosz.; Curculionidae 13|Micrelus ericae|8
09-13|Schenking H. Bosz.; Curculionidae 13|Zacladus affinis|10
09-13|Schenking H. Bosz.; Curculionidae 13|Zacladus exiguus|2
09-13|Schenking H. Bosz.; Curculionidae 13|Auleutes epilobii|10
09-13|Schenking H. Bosz.; Curculionidae 13|Ceutorhynchus contractus|10
09-13|Schenking H. Bosz.; Curculionidae 13|Ceutorhynchus erysimi|10
09-13|Schenking H. Bosz.; Curculionidae 13|Ceutorhynchus pervicax|1
09-13|Schenking H. Bosz.; Curculionidae 13|Ceutorhynchus pectoralis|1
09-13|Schenking H. Bosz.; Curculionidae 13|Ceutorhynchus sulcicollis|2
09-13|Schenking H. Bosz.; Curculionidae 13|Ceutorhynchus picitarsis|4
09-13|Schenking H. Bosz.; Curculionidae 13|Ceutorhynchus quadridens|10
09-13|Schenking H. Bosz.; Curculionidae 13|Ceutorhynchus atomus|12
09-13|Schenking H. Bosz.; Curculionidae 13|Ceutorhynchus cochleariae|10
09-13|Schenking H. Bosz.; Curculionidae 13|Ceutorhynchus constrictus|8
09-13|Schenking H. Bosz.; Curculionidae 13|Ceutorhynchus alliariae|10
09-13|Schenking H. Bosz.; Curculionidae 13|Ceutorhynchus napi|1
09-13|Schenking H. Bosz.; Curculionidae 13|Ceutorhynchus rapae|10
09-13|Schenking H. Bosz.; Curculionidae 13|Ceutorhynchus assimilis|12
09-13|Schenking H. Bosz.; Curculionidae 13|Ceutorhynchus syrites|1
09-13|Schenking H. Bosz.; Curculionidae 13|Ceutorhynchus querceti|7
09-13|Schenking H. Bosz.; Curculionidae 13|Ceutorhynchus resedae|1
09-13|Schenking H. Bosz.; Curculionidae 13|Ceutorhynchus pollinarius|12
09-13|Schenking H. Bosz.; Curculionidae 13|Ceutorhynchus maculaalba|10
09-13|Schenking H. Bosz.; Curculionidae 13|Ceutorhynchus marginatus|3
09-13|Schenking H. Bosz.; Curculionidae 13|Ceutorhynchus punctiger|8
09-13|Schenking H. Bosz.; Curculionidae 13|Ceutorhynchus angulosus|2
09-13|Schenking H. Bosz.; Curculionidae 13|Ceutorhynchus melanostictus|2
09-13|Schenking H. Bosz.; Curculionidae 13|Ceutorhynchus rugulosus|10
09-13|Schenking H. Bosz.; Curculionidae 13|Ceutorhynchus figuratus|4
09-13|Schenking H. Bosz.; Curculionidae 13|Ceutorhynchus millifolii|3
09-13|Schenking H. Bosz.; Curculionidae 13|Ceutorhynchus campestris|5
09-13|Schenking H. Bosz.; Curculionidae 13|Ceutorhynchus trimaculatus|10
09-13|Schenking H. Bosz.; Curculionidae 13|Ceutorhynchus litura|10
09-13|Schenking H. Bosz.; Curculionidae 13|Ceutorhynchus pallidicornis|1
09-13|Schenking H. Bosz.; Curculionidae 13|Ceutorhynchus asperifoliarum|4
09-13|Schenking H. Bosz.; Curculionidae 13|Ceutorhynchus symphyti|6
09-13|Schenking H. Bosz.; Curculionidae 13|Ceutorhynchus geographicus|10
09-13|Schenking H. Bosz.; Curculionidae 13|Ceutorhynchus turbatus|3
09-13|Schenking H. Bosz.; Curculionidae 13|Ceutorhynchus viridipennis|1
09-13|Schenking H. Bosz.; Curculionidae 13|Ceutorhynchus duvali|2
09-13|Schenking H. Bosz.; Curculionidae 13|Ceutorhynchus fallax|1
09-14|Schenking H. Bosz.; Anthribidae / Curculionidae 15 - Brentidae|Stereonychus fraxini|6
09-14|Schenking H. Bosz.; Anthribidae / Curculionidae 15 - Brentidae|Anoplus plantaris|3
09-14|Schenking H. Bosz.; Anthribidae / Curculionidae 15 - Brentidae|Anoplus roboris|2
09-14|Schenking H. Bosz.; Anthribidae / Curculionidae 15 - Brentidae|Rhynchaenus pilosus|8
09-14|Schenking H. Bosz.; Anthribidae / Curculionidae 15 - Brentidae|Rhynchaenus quercus|12
09-14|Schenking H. Bosz.; Anthribidae / Curculionidae 15 - Brentidae|Rhynchaenus jota|3
09-14|Schenking H. Bosz.; Anthribidae / Curculionidae 15 - Brentidae|Rhynchaenus fagi|14
09-14|Schenking H. Bosz.; Anthribidae / Curculionidae 15 - Brentidae|Rhynchaenus testaceus|4
09-14|Schenking H. Bosz.; Anthribidae / Curculionidae 15 - Brentidae|Rhynchaenus rusci|5
09-14|Schenking H. Bosz.; Anthribidae / Curculionidae 15 - Brentidae|Rhynchaenus stigmatica|8
09-14|Schenking H. Bosz.; Anthribidae / Curculionidae 15 - Brentidae|Rhynchaenus decoratus|1
09-14|Schenking H. Bosz.; Anthribidae / Curculionidae 15 - Brentidae|Rhynchaenus salicis|12
09-14|Schenking H. Bosz.; Anthribidae / Curculionidae 15 - Brentidae|Rhynchaenus populi|2
09-14|Schenking H. Bosz.; Anthribidae / Curculionidae 15 - Brentidae|Rhynchaenus angustifrons|1
09-14|Schenking H. Bosz.; Anthribidae / Curculionidae 15 - Brentidae|Rhamphus pulicarius|1
09-14|Schenking H. Bosz.; Anthribidae / Curculionidae 15 - Brentidae|Rhamphus pulicarius|1
09-14|Schenking H. Bosz.; Anthribidae / Curculionidae 15 - Brentidae|Rhamphus |1
09-14|Schenking H. Bosz.; Anthribidae / Curculionidae 15 - Brentidae|Rhamphus |1
09-14|Schenking H. Bosz.; Anthribidae / Curculionidae 15 - Brentidae|Rhamphus |1
09-14|Schenking H. Bosz.; Anthribidae / Curculionidae 15 - Brentidae|Rhamphus |1
09-14|Schenking H. Bosz.; Anthribidae / Curculionidae 15 - Brentidae|Rhamphus |1
09-14|Schenking H. Bosz.; Anthribidae / Curculionidae 15 - Brentidae|Rhamphus |1
09-14|Schenking H. Bosz.; Anthribidae / Curculionidae 15 - Brentidae|Rhamphus |1
09-14|Schenking H. Bosz.; Anthribidae / Curculionidae 15 - Brentidae|Rhamphus |1
09-14|Schenking H. Bosz.; Anthribidae / Curculionidae 15 - Brentidae|Rhamphus |1
09-14|Schenking H. Bosz.; Anthribidae / Curculionidae 15 - Brentidae|Rhamphus |1
09-14|Schenking H. Bosz.; Anthribidae / Curculionidae 15 - Brentidae|Amorphocephalus coronatus|1
09-14|Schenking H. Bosz.; Anthribidae / Curculionidae 15 - Brentidae|Symmorphocerus beloni|1
09-15|"Natuurhistorisch museum Enschede | Coleoptera | 2860-2887 | Cerambycidae"|Alosterna tabacicolor|12
09-15|"Natuurhistorisch museum Enschede | Coleoptera | 2860-2887 | Cerambycidae"|Leptura rufipes|1
09-15|"Natuurhistorisch museum Enschede | Coleoptera | 2860-2887 | Cerambycidae"|Leptura sexguttata|2
09-15|"Natuurhistorisch museum Enschede | Coleoptera | 2860-2887 | Cerambycidae"|Leptura livida|13
09-15|"Natuurhistorisch museum Enschede | Coleoptera | 2860-2887 | Cerambycidae"|Leptura fulva|10
09-15|"Natuurhistorisch museum Enschede | Coleoptera | 2860-2887 | Cerambycidae"|Leptura maculicornis|1
09-15|"Natuurhistorisch museum Enschede | Coleoptera | 2860-2887 | Cerambycidae"|Leptura rubra|17
09-15|"Natuurhistorisch museum Enschede | Coleoptera | 2860-2887 | Cerambycidae"|Leptura scutellata|2
09-15|"Natuurhistorisch museum Enschede | Coleoptera | 2860-2887 | Cerambycidae"|Leptura sanguinolenta|4
09-15|"Natuurhistorisch museum Enschede | Coleoptera | 2860-2887 | Cerambycidae"|Judolia cerambyciformis|17
09-15|"Natuurhistorisch museum Enschede | Coleoptera | 2860-2887 | Cerambycidae"|Strangalia aurulenta|2
09-15|"Natuurhistorisch museum Enschede | Coleoptera | 2860-2887 | Cerambycidae"|Strangalia quadrifasciata|10
09-15|"Natuurhistorisch museum Enschede | Coleoptera | 2860-2887 | Cerambycidae"|Strangalia maculata|9
09-15|"Natuurhistorisch museum Enschede | Coleoptera | 2860-2887 | Cerambycidae"|Strangalia aethiops|5
09-15|"Natuurhistorisch museum Enschede | Coleoptera | 2860-2887 | Cerambycidae"|Strangalia melanura|9
09-15|"Natuurhistorisch museum Enschede | Coleoptera | 2860-2887 | Cerambycidae"|Strangalia bifasciata|2
09-15|"Natuurhistorisch museum Enschede | Coleoptera | 2860-2887 | Cerambycidae"|Strangalia nigra|6
09-15|"Natuurhistorisch museum Enschede | Coleoptera | 2860-2887 | Cerambycidae"|Strangalia attenuata|11
09-15|"Natuurhistorisch museum Enschede | Coleoptera | 2860-2887 | Cerambycidae"|Necydalis major|1
09-15|"Natuurhistorisch museum Enschede | Coleoptera | 2860-2887 | Cerambycidae"|Stenopterus rufus|20
09-15|"Natuurhistorisch museum Enschede | Coleoptera | 2860-2887 | Cerambycidae"|Coenoptera minor|7
09-15|"Natuurhistorisch museum Enschede | Coleoptera | 2860-2887 | Cerambycidae"|Coenoptera umbellatarum|2
09-15|"Natuurhistorisch museum Enschede | Coleoptera | 2860-2887 | Cerambycidae"|Callimus angulatus|4
09-15|"Natuurhistorisch museum Enschede | Coleoptera | 2860-2887 | Cerambycidae"|Aromia moschata|11
09-15|"Natuurhistorisch museum Enschede | Coleoptera | 2860-2887 | Cerambycidae"|Phymatodes testaceus|14
09-15|"Natuurhistorisch museum Enschede | Coleoptera | 2860-2887 | Cerambycidae"|Phymatodes lividus|2
09-15|"Natuurhistorisch museum Enschede | Coleoptera | 2860-2887 | Cerambycidae"|NN NN|14
09-15|"Natuurhistorisch museum Enschede | Coleoptera | 2860-2887 | Cerambycidae"|Callidium aeneum|1
09-15|"Natuurhistorisch museum Enschede | Coleoptera | 2860-2887 | Cerambycidae"|Callidium violaceum|8
09-15|"Natuurhistorisch museum Enschede | Coleoptera | 2860-2887 | Cerambycidae"|Pyrrhidium sanguineum|14
09-15|"Natuurhistorisch museum Enschede | Coleoptera | 2860-2887 | Cerambycidae"|Hylotrupus bajalus|11
09-15|"Natuurhistorisch museum Enschede | Coleoptera | 2860-2887 | Cerambycidae"|Xylotrechus rusticus|1
09-15|"Natuurhistorisch museum Enschede | Coleoptera | 2860-2887 | Cerambycidae"|Xylotrechus antilope|1
09-15|"Natuurhistorisch museum Enschede | Coleoptera | 2860-2887 | Cerambycidae"|Xylotrechus arvicola|3
09-16|"Natuurhistorisch museum Enschede | Coleoptera | xxxx-xxxx | Tenebrionidae"|Isomira murina|4
09-16|"Natuurhistorisch museum Enschede | Coleoptera | xxxx-xxxx | Tenebrionidae"|Cteniopus flavus|10
09-16|"Natuurhistorisch museum Enschede | Coleoptera | xxxx-xxxx | Tenebrionidae"|Blaps lethifera|5
09-16|"Natuurhistorisch museum Enschede | Coleoptera | xxxx-xxxx | Tenebrionidae"|Blaps mucronata|2
09-16|"Natuurhistorisch museum Enschede | Coleoptera | xxxx-xxxx | Tenebrionidae"|Phylan gibbus|5
09-16|"Natuurhistorisch museum Enschede | Coleoptera | xxxx-xxxx | Tenebrionidae"|Melanimon tibialis|13
09-16|"Natuurhistorisch museum Enschede | Coleoptera | xxxx-xxxx | Tenebrionidae"|Opatrum sabulosum|3
09-16|"Natuurhistorisch museum Enschede | Coleoptera | xxxx-xxxx | Tenebrionidae"|Phaleria cadaverine|4
09-16|"Natuurhistorisch museum Enschede | Coleoptera | xxxx-xxxx | Tenebrionidae"|Crypticus quisquillus|10
09-16|"Natuurhistorisch museum Enschede | Coleoptera | xxxx-xxxx | Tenebrionidae"|Diaperis boleti|5
09-16|"Natuurhistorisch museum Enschede | Coleoptera | xxxx-xxxx | Tenebrionidae"|Scaphidema metallica|15
09-16|"Natuurhistorisch museum Enschede | Coleoptera | xxxx-xxxx | Tenebrionidae"|Uloma culinaris|3
09-16|"Natuurhistorisch museum Enschede | Coleoptera | xxxx-xxxx | Tenebrionidae"|Tenebrio molitor|2
09-16|"Natuurhistorisch museum Enschede | Coleoptera | xxxx-xxxx | Tenebrionidae"|Helops coeruleus|2
09-16|"Natuurhistorisch museum Enschede | Coleoptera | xxxx-xxxx | Tenebrionidae"|Cylindronotus laevioctostriatus|1
09-16|"Natuurhistorisch museum Enschede | Coleoptera | xxxx-xxxx | Tenebrionidae"|NN NN|11
09-17|"Natuurhistorisch museum Enschede | Coleoptera | 3309-3350 | Curculionidae"|Sitona hispidulus|2
09-17|"Natuurhistorisch museum Enschede | Coleoptera | 3309-3350 | Curculionidae"|Sitona humeralis|2
09-17|"Natuurhistorisch museum Enschede | Coleoptera | 3309-3350 | Curculionidae"|Tanymecus palliatus|2
09-17|"Natuurhistorisch museum Enschede | Coleoptera | 3309-3350 | Curculionidae"|NN NN|3
09-17|"Natuurhistorisch museum Enschede | Coleoptera | 3309-3350 | Curculionidae"|Mecaspis emarginatus|1
09-17|"Natuurhistorisch museum Enschede | Coleoptera | 3309-3350 | Curculionidae"|Coniocleonis glaucus|5
09-17|"Natuurhistorisch museum Enschede | Coleoptera | 3309-3350 | Curculionidae"|Coniocleonis nebulosus|1
09-17|"Natuurhistorisch museum Enschede | Coleoptera | 3309-3350 | Curculionidae"|Chromoderus fasciatus|1
09-17|"Natuurhistorisch museum Enschede | Coleoptera | 3309-3350 | Curculionidae"|Leucosomus pedestris|1
09-17|"Natuurhistorisch museum Enschede | Coleoptera | 3309-3350 | Curculionidae"|Cleonus piger|1
09-17|"Natuurhistorisch museum Enschede | Coleoptera | 3309-3350 | Curculionidae"|Lixus paraplecticus|1
09-17|"Natuurhistorisch museum Enschede | Coleoptera | 3309-3350 | Curculionidae"|Lixus iridis|2
09-17|"Natuurhistorisch museum Enschede | Coleoptera | 3309-3350 | Curculionidae"|Lixus elongatus|1
09-17|"Natuurhistorisch museum Enschede | Coleoptera | 3309-3350 | Curculionidae"|Larinus brevis|1
09-17|"Natuurhistorisch museum Enschede | Coleoptera | 3309-3350 | Curculionidae"|Larinus sturnus|2
09-17|"Natuurhistorisch museum Enschede | Coleoptera | 3309-3350 | Curculionidae"|Hypera punctatus|5
09-17|"Natuurhistorisch museum Enschede | Coleoptera | 3309-3350 | Curculionidae"|Hypera rumicis|1
09-17|"Natuurhistorisch museum Enschede | Coleoptera | 3309-3350 | Curculionidae"|Hypera arator|3
09-17|"Natuurhistorisch museum Enschede | Coleoptera | 3309-3350 | Curculionidae"|Hypera nigrirostris|1
09-18|"Natuurhistorisch museum Enschede | Coleoptera | 3498-3545 | Curculionidae"|Ceutorhynchus picitarsis|1
09-18|"Natuurhistorisch museum Enschede | Coleoptera | 3498-3545 | Curculionidae"|Ceutorhynchus erysimi|1
09-18|"Natuurhistorisch museum Enschede | Coleoptera | 3498-3545 | Curculionidae"|Ceutorhynchus hirtulus|2
09-18|"Natuurhistorisch museum Enschede | Coleoptera | 3498-3545 | Curculionidae"|Calandra granaria|5
09-18|"Natuurhistorisch museum Enschede | Coleoptera | 3498-3545 | Curculionidae"|Calandra oryzae|7
09-18|"Natuurhistorisch museum Enschede | Coleoptera | 3498-3545 | Curculionidae"|Baris cuprinostris|1
09-18|"Natuurhistorisch museum Enschede | Coleoptera | 3498-3545 | Curculionidae"|Limnobaris T_album|1
09-18|"Natuurhistorisch museum Enschede | Coleoptera | 3498-3545 | Curculionidae"|Balanius venosus|1
09-18|"Natuurhistorisch museum Enschede | Coleoptera | 3498-3545 | Curculionidae"|Balanius pellitus|1
09-18|"Natuurhistorisch museum Enschede | Coleoptera | 3498-3545 | Curculionidae"|Balanius nucum|1
09-18|"Natuurhistorisch museum Enschede | Coleoptera | 3498-3545 | Curculionidae"|Balanius glandium|3
09-18|"Natuurhistorisch museum Enschede | Coleoptera | 3498-3545 | Curculionidae"|Balanius villosus|1
09-18|"Natuurhistorisch museum Enschede | Coleoptera | 3498-3545 | Curculionidae"|Balanobius crux|1
09-18|"Natuurhistorisch museum Enschede | Coleoptera | 3498-3545 | Curculionidae"|Balanobius salvicivorus|2
09-18|"Natuurhistorisch museum Enschede | Coleoptera | 3498-3545 | Curculionidae"|Balanobius pyrrhoceras|5
09-18|"Natuurhistorisch museum Enschede | Coleoptera | 3498-3545 | Curculionidae"|Brachonix peneti|6
09-18|"Natuurhistorisch museum Enschede | Coleoptera | 3498-3545 | Curculionidae"|Anthonimus rectirostris|1
09-18|"Natuurhistorisch museum Enschede | Coleoptera | 3498-3545 | Curculionidae"|Anthonimus rubi|4
09-18|"Natuurhistorisch museum Enschede | Coleoptera | 3498-3545 | Curculionidae"|Anthonimus pomorum|1
09-18|"Natuurhistorisch museum Enschede | Coleoptera | 3498-3545 | Curculionidae"|Anthonimus sorbi|1
09-19|"Natuurhistorisch museum Enschede | Coleoptera | 3705-3759 | Curculionidae"|NN NN|19
09-19|"Natuurhistorisch museum Enschede | Coleoptera | 3705-3759 | Curculionidae"|Attelabus nitens|9
09-19|"Natuurhistorisch museum Enschede | Coleoptera | 3705-3759 | Curculionidae"|Byctiscus populi|3
09-19|"Natuurhistorisch museum Enschede | Coleoptera | 3705-3759 | Curculionidae"|Byctiscus betulae|5
09-19|"Natuurhistorisch museum Enschede | Coleoptera | 3705-3759 | Curculionidae"|Rhynchitus bacchus|2
09-19|"Natuurhistorisch museum Enschede | Coleoptera | 3705-3759 | Curculionidae"|Rhynchitus cupreus|2
09-19|"Natuurhistorisch museum Enschede | Coleoptera | 3705-3759 | Curculionidae"|Rhynchitus aequaticus|3
10-01|"Natuurhistorisch museum Enschede | Coleoptera | 2888-2912 | Cerambycidae"|Clytus arietis|21
10-01|"Natuurhistorisch museum Enschede | Coleoptera | 2888-2912 | Cerambycidae"|Plagionotus arcuatus|31
10-01|"Natuurhistorisch museum Enschede | Coleoptera | 2888-2912 | Cerambycidae"|Anaglyptus mysticus|6
10-01|"Natuurhistorisch museum Enschede | Coleoptera | 2888-2912 | Cerambycidae"|Pupuricenus koehleri|3
10-01|"Natuurhistorisch museum Enschede | Coleoptera | 2888-2912 | Cerambycidae"|Dorcadion fuliginator|4
10-01|"Natuurhistorisch museum Enschede | Coleoptera | 2888-2912 | Cerambycidae"|Lamia textor|4
10-01|"Natuurhistorisch museum Enschede | Coleoptera | 2888-2912 | Cerambycidae"|Monochamus sartor|3
10-01|"Natuurhistorisch museum Enschede | Coleoptera | 2888-2912 | Cerambycidae"|Monochamus sutor|5
10-01|"Natuurhistorisch museum Enschede | Coleoptera | 2888-2912 | Cerambycidae"|Haplocnemia curculionides|2
10-01|"Natuurhistorisch museum Enschede | Coleoptera | 2888-2912 | Cerambycidae"|Haplocnemia nebulosa|1
10-01|"Natuurhistorisch museum Enschede | Coleoptera | 2888-2912 | Cerambycidae"|Pogonochaerus hispidulus|1
10-01|"Natuurhistorisch museum Enschede | Coleoptera | 2888-2912 | Cerambycidae"|Pogonochaerus hispidus|7
10-01|"Natuurhistorisch museum Enschede | Coleoptera | 2888-2912 | Cerambycidae"|Acanthoderes clavipes|3
10-01|"Natuurhistorisch museum Enschede | Coleoptera | 2888-2912 | Cerambycidae"|Liopus nebulosus|10
10-01|"Natuurhistorisch museum Enschede | Coleoptera | 2888-2912 | Cerambycidae"|Acanthocinus aedilis|4
10-01|"Natuurhistorisch museum Enschede | Coleoptera | 2888-2912 | Cerambycidae"|Agapanthia villosoviridescens|23
10-01|"Natuurhistorisch museum Enschede | Coleoptera | 2888-2912 | Cerambycidae"|Saperda carcharias|5
10-01|"Natuurhistorisch museum Enschede | Coleoptera | 2888-2912 | Cerambycidae"|Saperda populnea|6
10-01|"Natuurhistorisch museum Enschede | Coleoptera | 2888-2912 | Cerambycidae"|Saperda scalaris|4
10-01|"Natuurhistorisch museum Enschede | Coleoptera | 2888-2912 | Cerambycidae"|Oberea oculata|5
10-02|"Natuurhistorisch museum Enschede | Coleoptera | 3219-3256 | Anthribidae - Curculionidae"|Platyrrhinus resinosus|9
10-02|"Natuurhistorisch museum Enschede | Coleoptera | 3219-3256 | Anthribidae - Curculionidae"|Anthribus albinus|2
10-02|"Natuurhistorisch museum Enschede | Coleoptera | 3219-3256 | Anthribidae - Curculionidae"|Brachytarsus fasciatus|1
10-02|"Natuurhistorisch museum Enschede | Coleoptera | 3219-3256 | Anthribidae - Curculionidae"|Brachytarsus nebulosus|2
10-02|"Natuurhistorisch museum Enschede | Coleoptera | 3219-3256 | Anthribidae - Curculionidae"|Othiorhynchus clavipes var. lugdunensis|1
10-02|"Natuurhistorisch museum Enschede | Coleoptera | 3219-3256 | Anthribidae - Curculionidae"|Othiorhynchus raucus|2
10-02|"Natuurhistorisch museum Enschede | Coleoptera | 3219-3256 | Anthribidae - Curculionidae"|Othiorhynchus singularis|3
10-02|"Natuurhistorisch museum Enschede | Coleoptera | 3219-3256 | Anthribidae - Curculionidae"|Othiorhynchus veterator|1
10-02|"Natuurhistorisch museum Enschede | Coleoptera | 3219-3256 | Anthribidae - Curculionidae"|Othiorhynchus sulcatus|5
10-02|"Natuurhistorisch museum Enschede | Coleoptera | 3219-3256 | Anthribidae - Curculionidae"|Othiorhynchus ligustici|1
10-02|"Natuurhistorisch museum Enschede | Coleoptera | 3219-3256 | Anthribidae - Curculionidae"|Othiorhynchus atroapterus|2
10-02|"Natuurhistorisch museum Enschede | Coleoptera | 3219-3256 | Anthribidae - Curculionidae"|Peritelus leucogrammus|1
10-02|"Natuurhistorisch museum Enschede | Coleoptera | 3219-3256 | Anthribidae - Curculionidae"|Phyllobius oblongus|4
10-02|"Natuurhistorisch museum Enschede | Coleoptera | 3219-3256 | Anthribidae - Curculionidae"|Phyllobius piri|3
10-02|"Natuurhistorisch museum Enschede | Coleoptera | 3219-3256 | Anthribidae - Curculionidae"|Phyllobius betulae|6
10-02|"Natuurhistorisch museum Enschede | Coleoptera | 3219-3256 | Anthribidae - Curculionidae"|Phyllobius virideaeris|3
10-02|"Natuurhistorisch museum Enschede | Coleoptera | 3219-3256 | Anthribidae - Curculionidae"|Phyllobius calcarus|2
10-02|"Natuurhistorisch museum Enschede | Coleoptera | 3219-3256 | Anthribidae - Curculionidae"|Phyllobius urticae|3
10-02|"Natuurhistorisch museum Enschede | Coleoptera | 3219-3256 | Anthribidae - Curculionidae"|Phyllobius maculicornis|3
10-02|"Natuurhistorisch museum Enschede | Coleoptera | 3219-3256 | Anthribidae - Curculionidae"|Phyllobius sinuatus|2
10-03|Schenking H. Bosz.; Curculionidae 2|Apion limonii|5
10-03|Schenking H. Bosz.; Curculionidae 2|Apion miniatum|10
10-03|Schenking H. Bosz.; Curculionidae 2|Apion frumentarium|8
10-03|Schenking H. Bosz.; Curculionidae 2|Apion cruentatum|1
10-03|Schenking H. Bosz.; Curculionidae 2|Apion rubens|10
10-03|Schenking H. Bosz.; Curculionidae 2|Apion violaceum|10
10-03|Schenking H. Bosz.; Curculionidae 2|Apion hydrolapathi|1
10-03|Schenking H. Bosz.; Curculionidae 2|Apion marchicum|10
10-03|Schenking H. Bosz.; Curculionidae 2|Apion affine|1
10-03|Schenking H. Bosz.; Curculionidae 2|Apion curtirostre|10
10-03|Schenking H. Bosz.; Curculionidae 2|Apion simum|3
10-03|Schenking H. Bosz.; Curculionidae 2|Apion rugicolle|2
10-03|Schenking H. Bosz.; Curculionidae 2|Apion malvae|10
10-03|Schenking H. Bosz.; Curculionidae 2|Apion rufirostre|10
10-03|Schenking H. Bosz.; Curculionidae 2|Apion aeneum|12
10-03|Schenking H. Bosz.; Curculionidae 2|Apion radiolus|10
10-03|Schenking H. Bosz.; Curculionidae 2|Apion curvirostre|11
10-03|Schenking H. Bosz.; Curculionidae 2|Apion longirostre|14
10-03|Schenking H. Bosz.; Curculionidae 2|Apion compactum|1
10-03|Schenking H. Bosz.; Curculionidae 2|Apion difficile|2
10-03|Schenking H. Bosz.; Curculionidae 2|Apion fuscirostre|14
10-03|Schenking H. Bosz.; Curculionidae 2|Apion minimum|6
10-03|Schenking H. Bosz.; Curculionidae 2|Apion pallipes|2
10-03|Schenking H. Bosz.; Curculionidae 2|Apion semivittatum|3
10-03|Schenking H. Bosz.; Curculionidae 2|Apion urticarium|12
10-03|Schenking H. Bosz.; Curculionidae 2|Apion flavimanum|3
10-03|Schenking H. Bosz.; Curculionidae 2|Apion vicinum|2
10-03|Schenking H. Bosz.; Curculionidae 2|Apion atomarium|2
10-03|Schenking H. Bosz.; Curculionidae 2|Apion onopordi|10
10-03|Schenking H. Bosz.; Curculionidae 2|Apion penetrans|6
10-03|Schenking H. Bosz.; Curculionidae 2|Apion carduorum|10
10-03|Schenking H. Bosz.; Curculionidae 2|Apion hookeri|8
10-03|Schenking H. Bosz.; Curculionidae 2|Apion ebinium|2
10-03|Schenking H. Bosz.; Curculionidae 2|Apion seniculus|9
10-03|Schenking H. Bosz.; Curculionidae 2|Apion meliloti|3
10-03|Schenking H. Bosz.; Curculionidae 2|Apion loti|10
10-03|Schenking H. Bosz.; Curculionidae 2|Apion tenue|6
10-03|Schenking H. Bosz.; Curculionidae 2|Apion striatum|1
10-03|Schenking H. Bosz.; Curculionidae 2|Apion gyllenhali|2
10-03|Schenking H. Bosz.; Curculionidae 2|Apion pisi|6
10-04|Schenking H. Bosz.; Curculionidae 4|Otiorhynchus atroapterus|8
10-04|Schenking H. Bosz.; Curculionidae 4|Otiorhynchus anthracinus|2
10-04|Schenking H. Bosz.; Curculionidae 4|Otiorhynchus ligustici|2
10-04|Schenking H. Bosz.; Curculionidae 4|Otiorhynchus mastix|4
10-04|Schenking H. Bosz.; Curculionidae 4|Otiorhynchus inflatus|10
10-04|Schenking H. Bosz.; Curculionidae 4|Otiorhynchus geniculatus|4
10-04|Schenking H. Bosz.; Curculionidae 4|Otiorhynchus truncatus|1
10-04|Schenking H. Bosz.; Curculionidae 4|Otiorhynchus sensitivus|8
10-04|Schenking H. Bosz.; Curculionidae 4|Otiorhynchus obesus|1
10-04|Schenking H. Bosz.; Curculionidae 4|Otiorhynchus bisculatus|8
10-04|Schenking H. Bosz.; Curculionidae 4|Otiorhynchus caudatus|8
10-04|Schenking H. Bosz.; Curculionidae 4|Otiorhynchus armadillo|8
10-04|Schenking H. Bosz.; Curculionidae 4|Otiorhynchus infernalis|3
10-04|Schenking H. Bosz.; Curculionidae 4|Otiorhynchus niger|4
10-04|Schenking H. Bosz.; Curculionidae 4|Otiorhynchus sanguinipes|1
10-04|Schenking H. Bosz.; Curculionidae 4|Otiorhynchus fuscipes|8
10-04|Schenking H. Bosz.; Curculionidae 4|Otiorhynchus lugdunensis|2
10-04|Schenking H. Bosz.; Curculionidae 4|Otiorhynchus clavipes|3
10-04|Schenking H. Bosz.; Curculionidae 4|Otiorhynchus laevigatus|1
10-04|Schenking H. Bosz.; Curculionidae 4|Otiorhynchus morio|10
10-04|Schenking H. Bosz.; Curculionidae 4|Otiorhynchus arcticus|12
10-04|Schenking H. Bosz.; Curculionidae 4|Otiorhynchus politus|1
10-04|Schenking H. Bosz.; Curculionidae 4|Otiorhynchus perdix|12
10-04|Schenking H. Bosz.; Curculionidae 4|Otiorhynchus raucus|8
10-04|Schenking H. Bosz.; Curculionidae 4|Otiorhynchus dubius|3
10-04|Schenking H. Bosz.; Curculionidae 4|Otiorhynchus rugostriatus|8
10-04|Schenking H. Bosz.; Curculionidae 4|Otiorhynchus chalceus|1
10-04|Schenking H. Bosz.; Curculionidae 4|Otiorhynchus vestitus|1
10-04|Schenking H. Bosz.; Curculionidae 4|Otiorhynchus foraminosus|1
10-04|Schenking H. Bosz.; Curculionidae 4|Otiorhynchus porcatus|2
10-04|Schenking H. Bosz.; Curculionidae 4|Otiorhynchus subcostatus|1
10-04|Schenking H. Bosz.; Curculionidae 4|Otiorhynchus scaber|4
10-04|Schenking H. Bosz.; Curculionidae 4|Otiorhynchus uncinatus|3
10-04|Schenking H. Bosz.; Curculionidae 4|Otiorhynchus globulus|1
10-04|Schenking H. Bosz.; Curculionidae 4|Otiorhynchus ligneus|3
10-04|Schenking H. Bosz.; Curculionidae 4|Otiorhynchus punctifrons|1
10-04|Schenking H. Bosz.; Curculionidae 4|Otiorhynchus austriacus|3
10-04|Schenking H. Bosz.; Curculionidae 4|Otiorhynchus kollari|1
10-04|Schenking H. Bosz.; Curculionidae 4|Otiorhynchus equestris|1
10-04|Schenking H. Bosz.; Curculionidae 4|Otiorhynchus varius|3
10-04|Schenking H. Bosz.; Curculionidae 4|Otiorhynchus singularis|10
10-04|Schenking H. Bosz.; Curculionidae 4|Otiorhynchus veterator|1
10-04|Schenking H. Bosz.; Curculionidae 4|Otiorhynchus subdentatus|9
10-04|Schenking H. Bosz.; Curculionidae 4|Otiorhynchus labilis|1
10-04|Schenking H. Bosz.; Curculionidae 4|Otiorhynchus elegantulus|12
10-04|Schenking H. Bosz.; Curculionidae 4|Otiorhynchus fraxini|18
10-04|Schenking H. Bosz.; Curculionidae 4|Otiorhynchus salicis|6
10-04|Schenking H. Bosz.; Curculionidae 4|Otiorhynchus squamosus|10
10-04|Schenking H. Bosz.; Curculionidae 4|Otiorhynchus sulcatus|8
10-04|Schenking H. Bosz.; Curculionidae 4|Otiorhynchus auropunctatus|1
10-04|Schenking H. Bosz.; Curculionidae 4|Otiorhynchus rugifrons|3
10-04|Schenking H. Bosz.; Curculionidae 4|Otiorhynchus alpicola|1
10-04|Schenking H. Bosz.; Curculionidae 4|Otiorhynchus gemmatus|8
10-04|Schenking H. Bosz.; Curculionidae 4|Otiorhynchus pinastri|10
10-04|Schenking H. Bosz.; Curculionidae 4|Otiorhynchus fullo|2
10-04|Schenking H. Bosz.; Curculionidae 4|Otiorhynchus pauxillus|2
10-04|Schenking H. Bosz.; Curculionidae 4|Otiorhynchus ovatus|10
10-04|Schenking H. Bosz.; Curculionidae 4|Otiorhynchus desertus|1
10-04|Schenking H. Bosz.; Curculionidae 4|Otiorhynchus cardiniger|3
10-04|Schenking H. Bosz.; Curculionidae 4|Otiorhynchus griseopunctatus|8
10-04|Schenking H. Bosz.; Curculionidae 4|Otiorhynchus bisphaericus|1
10-04|Schenking H. Bosz.; Curculionidae 4|Otiorhynchus alutaceus|8
10-04|Schenking H. Bosz.; Curculionidae 4|Otiorhynchus aurifer|10
10-04|Schenking H. Bosz.; Curculionidae 4|Otiorhynchus delicatulus|10
10-04|Schenking H. Bosz.; Curculionidae 4|Otiorhynchus multicostatus|2
10-04|Schenking H. Bosz.; Curculionidae 4|Otiorhynchus cupreosparsus|2
10-04|Schenking H. Bosz.; Curculionidae 4|Otiorhynchus meridionalis|5
10-04|Schenking H. Bosz.; Curculionidae 4|Otiorhynchus crataegi|12
10-04|Schenking H. Bosz.; Curculionidae 4|Otiorhynchus salicicola|8
10-04|Schenking H. Bosz.; Curculionidae 4|Otiorhynchus corruptor|3
10-05|Schenking H. Bosz.; Curculionidae 6|Agroptochus bisignatus|10
10-05|Schenking H. Bosz.; Curculionidae 6|Trachyphloeus scabriusculus|2
10-05|Schenking H. Bosz.; Curculionidae 6|Trachyphloeus spinimanus|3
10-05|Schenking H. Bosz.; Curculionidae 6|Trachyphloeus bifoveolatus|3
10-05|Schenking H. Bosz.; Curculionidae 6|Trachyphloeus olivieri|2
10-05|Schenking H. Bosz.; Curculionidae 6|Polydrosus impar|4
10-05|Schenking H. Bosz.; Curculionidae 6|Polydrosus marginatus|1
10-05|Schenking H. Bosz.; Curculionidae 6|Polydrosus atomarius|3
10-05|Schenking H. Bosz.; Curculionidae 6|Polydrosus pterygomalis|1
10-05|Schenking H. Bosz.; Curculionidae 6|Polydrosus prasinus|1
10-05|Schenking H. Bosz.; Curculionidae 6|Polydrosus cervinus|7
10-05|Schenking H. Bosz.; Curculionidae 6|Polydrosus pilosus|1
10-05|Schenking H. Bosz.; Curculionidae 6|Polydrosus inustus|1
10-05|Schenking H. Bosz.; Curculionidae 6|Polydrosus confluens|1
10-05|Schenking H. Bosz.; Curculionidae 6|Polydrosus puchellus|1
10-05|Schenking H. Bosz.; Curculionidae 6|Polydrosus undatus|2
10-05|Schenking H. Bosz.; Curculionidae 6|Polydrosus ruficornis|1
10-05|Schenking H. Bosz.; Curculionidae 6|Polydrosus sericeus|2
10-05|Schenking H. Bosz.; Curculionidae 6|Polydrosus mollis|1
10-05|Schenking H. Bosz.; Curculionidae 6|Liophloeus tessulatus|9
10-05|Schenking H. Bosz.; Curculionidae 6|Liophloeus lentus|2
10-05|Schenking H. Bosz.; Curculionidae 6|Stasiodis parvulus|5
10-05|Schenking H. Bosz.; Curculionidae 6|Sciaphobus vittatus|1
10-05|Schenking H. Bosz.; Curculionidae 6|Sciaphobus setulosus|1
10-05|Schenking H. Bosz.; Curculionidae 6|Eusomus ovulum|8
10-05|Schenking H. Bosz.; Curculionidae 6|Sciaphilus asperatus|10
10-05|Schenking H. Bosz.; Curculionidae 6|Brachysomus echinatus|1
10-05|Schenking H. Bosz.; Curculionidae 6|Barypeithes tenex|1
10-05|Schenking H. Bosz.; Curculionidae 6|Barypeithes araneiformis|1
10-05|Schenking H. Bosz.; Curculionidae 6|Barypeithes pellucidus|10
10-05|Schenking H. Bosz.; Curculionidae 6|Barypeithes mollicomus|2
10-05|Schenking H. Bosz.; Curculionidae 6|Pleurodirus murinus|12
10-06|Schenking H. Bosz.; Curculionidae 8|Larinus sibiricus|10
10-06|Schenking H. Bosz.; Curculionidae 8|Larinus carinirostris|8
10-06|Schenking H. Bosz.; Curculionidae 8|Larinus jaceae|6
10-06|Schenking H. Bosz.; Curculionidae 8|Larinus sturnus|8
10-06|Schenking H. Bosz.; Curculionidae 8|Larinus turbinatus|2
10-06|Schenking H. Bosz.; Curculionidae 8|Larinus planus|10
10-06|Schenking H. Bosz.; Curculionidae 8|Larinus obtusus|1
10-06|Schenking H. Bosz.; Curculionidae 8|Larinus canescens|1
10-06|Schenking H. Bosz.; Curculionidae 8|Larinus latus|1
10-06|Schenking H. Bosz.; Curculionidae 8|Larinus cynarae|8
10-06|Schenking H. Bosz.; Curculionidae 8|Larinus onopordi|9
10-06|Schenking H. Bosz.; Curculionidae 8|Larinus maurus|10
10-06|Schenking H. Bosz.; Curculionidae 8|Larinus ursus|1
10-06|Schenking H. Bosz.; Curculionidae 8|Larinus curtus|2
10-06|Schenking H. Bosz.; Curculionidae 8|Lachnaeus critinus|1
10-06|Schenking H. Bosz.; Curculionidae 8|Rhinocyllus conicus|10
10-06|Schenking H. Bosz.; Curculionidae 8|Coneocleonus nebulosus|1
10-06|Schenking H. Bosz.; Curculionidae 8|Coneocleonus excoriatus|1
10-06|Schenking H. Bosz.; Curculionidae 8|Coneocleonus cicatricosus|2
10-06|Schenking H. Bosz.; Curculionidae 8|Leucosomus pedestris|1
10-06|Schenking H. Bosz.; Curculionidae 8|Leucosomus occidentalis|1
10-06|Schenking H. Bosz.; Curculionidae 8|Conorrhynchus lacerta|1
10-06|Schenking H. Bosz.; Curculionidae 8|Conorrhynchus mendicus|6
10-06|Schenking H. Bosz.; Curculionidae 8|Mecaspis alternans|2
10-06|Schenking H. Bosz.; Curculionidae 8|Pseudocleonus grammicus|1
10-06|Schenking H. Bosz.; Curculionidae 8|Pachycerus cordiger|3
10-06|Schenking H. Bosz.; Curculionidae 8|Pachycerus varius|1
10-06|Schenking H. Bosz.; Curculionidae 8|Cyphocleonus dealbatus|1
10-06|Schenking H. Bosz.; Curculionidae 8|Cyphocleonus achatus|1
10-06|Schenking H. Bosz.; Curculionidae 8|Cyphocleonus trisulcatus|2
10-06|Schenking H. Bosz.; Curculionidae 8|Cleonis piger|3
10-06|Schenking H. Bosz.; Curculionidae 8|Pselactus spadix|2
10-06|Schenking H. Bosz.; Curculionidae 8|Pentharthrum huttoni|18
10-06|Schenking H. Bosz.; Curculionidae 8|Mesites pallidipennis|12
10-06|Schenking H. Bosz.; Curculionidae 8|Mesites aquitanus|1
10-06|Schenking H. Bosz.; Curculionidae 8|Cossonus cylindricus|1
10-06|Schenking H. Bosz.; Curculionidae 8|Cossonus linearis|7
10-06|Schenking H. Bosz.; Curculionidae 8|Rhyncolus elongatus|2
10-06|Schenking H. Bosz.; Curculionidae 8|Rhyncolus chloropus|1
10-06|Schenking H. Bosz.; Curculionidae 8|Phloeophagus lignarius|1
10-06|Schenking H. Bosz.; Curculionidae 8|Brachytemnus porcatus|21
10-06|Schenking H. Bosz.; Curculionidae 8|Stereocorynes truncorum|1
10-06|Schenking H. Bosz.; Curculionidae 8|Stenopelmus rufinasus|10
10-06|Schenking H. Bosz.; Curculionidae 8|Dicranthus elegans|10
10-06|Schenking H. Bosz.; Curculionidae 8|Tanysphyrus lemnae|12
10-06|Schenking H. Bosz.; Curculionidae 8|Liocleonus clathratus|3
10-06|Schenking H. Bosz.; Curculionidae 8|Stephanophorus strabus|1
10-06|Schenking H. Bosz.; Curculionidae 8|Ammocleonus aschabadensis|1
10-07|Schenking H. Bosz.; Curculionidae 10|Tychius 5-puntatus|1
10-07|Schenking H. Bosz.; Curculionidae 10|Tychius flavicollis|8
10-07|Schenking H. Bosz.; Curculionidae 10|Tychius picirostris|10
10-07|Schenking H. Bosz.; Curculionidae 10|Tychius tomentosus|10
10-07|Schenking H. Bosz.; Curculionidae 10|Tychius meliloti|2
10-07|Schenking H. Bosz.; Curculionidae 10|Tychius cuprifer|10
10-07|Schenking H. Bosz.; Curculionidae 10|Tychius pusillus|1
10-07|Schenking H. Bosz.; Curculionidae 10|Tychius armatus|2
10-07|Schenking H. Bosz.; Curculionidae 10|Tychius breviusculus|15
10-07|Schenking H. Bosz.; Curculionidae 10|Sibinia potentillae|12
10-07|Schenking H. Bosz.; Curculionidae 10|Sibinia pelluscens|10
10-07|Schenking H. Bosz.; Curculionidae 10|Sibinia viscariae|1
10-07|Schenking H. Bosz.; Curculionidae 10|Sibinia planiuscula|9
10-07|Schenking H. Bosz.; Curculionidae 10|Anthonomus pomorum|2
10-07|Schenking H. Bosz.; Curculionidae 10|Anthonomus humeralis|4
10-07|Schenking H. Bosz.; Curculionidae 10|Anthonomus spilotus|2
10-07|Schenking H. Bosz.; Curculionidae 10|Anthonomus pedicularius|10
10-07|Schenking H. Bosz.; Curculionidae 10|Anthonomus conspersus|1
10-07|Schenking H. Bosz.; Curculionidae 10|Anthonomus rubi|10
10-07|Schenking H. Bosz.; Curculionidae 10|Anthonomus brunnipennis|8
10-07|Schenking H. Bosz.; Curculionidae 10|Anthonomus varians|16
10-07|Schenking H. Bosz.; Curculionidae 10|Furcipus rectirostris|11
10-07|Schenking H. Bosz.; Curculionidae 10|Brachonyx pineti|15
10-07|Schenking H. Bosz.; Curculionidae 10|Curculio elephas|2
10-07|Schenking H. Bosz.; Curculionidae 10|Curculio venosus|2
10-07|Schenking H. Bosz.; Curculionidae 10|Curculio villosus|3
10-07|Schenking H. Bosz.; Curculionidae 10|Curculio nucum|7
10-07|Schenking H. Bosz.; Curculionidae 10|Curculio glandium|15
10-07|Schenking H. Bosz.; Curculionidae 10|Curculio cerasorum|5
10-07|Schenking H. Bosz.; Curculionidae 10|Curculio rubidus|1
10-07|Schenking H. Bosz.; Curculionidae 10|Curculio crux|10
10-07|Schenking H. Bosz.; Curculionidae 10|Curculio salicivorus|12
10-07|Schenking H. Bosz.; Curculionidae 10|Curculio pyrrhoceras|5
10-07|Schenking H. Bosz.; Curculionidae 10|NN NN|1
10-08|Schenking H. Bosz.; Curculionidae 12|Limobius borealis|6
10-08|Schenking H. Bosz.; Curculionidae 12|Limobius mixtus|1
10-08|Schenking H. Bosz.; Curculionidae 12|Coniatus tamarisci|10
10-08|Schenking H. Bosz.; Curculionidae 12|Gronops lunatus|2
10-08|Schenking H. Bosz.; Curculionidae 12|Cryptorhynchus lapathi|3
10-08|Schenking H. Bosz.; Curculionidae 12|Sitophilus granarius|10
10-08|Schenking H. Bosz.; Curculionidae 12|Sitophilus oryzae|10
10-08|Schenking H. Bosz.; Curculionidae 12|Sitophilus zeamais|2
10-08|Schenking H. Bosz.; Curculionidae 12|Rhytidoderes plicatus|3
10-08|Schenking H. Bosz.; Curculionidae 12|Sphenophorus meridionalis|1
10-08|Schenking H. Bosz.; Curculionidae 12|Sphenophorus abbreviata|3
10-08|Schenking H. Bosz.; Curculionidae 12|Sphenophorus parapunctata|2
10-08|Schenking H. Bosz.; Curculionidae 12|Sphenophorus striatopunctata|1
10-08|Schenking H. Bosz.; Curculionidae 12|Acalles roboris|5
10-08|Schenking H. Bosz.; Curculionidae 12|Rhynchophorus ferrugineus|2
10-08|Schenking H. Bosz.; Curculionidae 12|Echinodera hypocrita|1
10-08|Schenking H. Bosz.; Curculionidae 12|Baris artemisiae|3
10-08|Schenking H. Bosz.; Curculionidae 12|Baris laticollis|3
10-08|Schenking H. Bosz.; Curculionidae 12|Baris lepidii|1
10-08|Schenking H. Bosz.; Curculionidae 12|Baris coerulescens|1
10-08|Schenking H. Bosz.; Curculionidae 12|Baris cuprirostris|6
10-08|Schenking H. Bosz.; Curculionidae 12|Baris picicornis|10
10-08|Schenking H. Bosz.; Curculionidae 12|Baris timida|12
10-08|Schenking H. Bosz.; Curculionidae 12|Baris scopalacea|2
10-08|Schenking H. Bosz.; Curculionidae 12|Limnobaris T-album|2
10-08|Schenking H. Bosz.; Curculionidae 12|Limnobaris pilistriata|12
10-08|Schenking H. Bosz.; Curculionidae 12|Coryssomerus capucinus|5
10-08|Schenking H. Bosz.; Curculionidae 12|Mononychus punctum-album|17
10-08|Schenking H. Bosz.; Curculionidae 12|Eubrichius velutus|2
10-08|Schenking H. Bosz.; Curculionidae 12|Litodactylus leucogaster|1
10-08|Schenking H. Bosz.; Curculionidae 12|Phytobius waltoni|1
10-08|Schenking H. Bosz.; Curculionidae 12|Phytobius quadrituberculatus|2
10-08|Schenking H. Bosz.; Curculionidae 12|Phytobius zumpti|1
10-08|Schenking H. Bosz.; Curculionidae 12|Phytobius quadricornis|1
10-08|Schenking H. Bosz.; Curculionidae 12|Phytobius granatus|5
10-08|Schenking H. Bosz.; Curculionidae 12|Rhinconus albicinctus|1
10-08|Schenking H. Bosz.; Curculionidae 12|Rhinconus perpendicularis|12
10-08|Schenking H. Bosz.; Curculionidae 12|Rhinconus pericarpius|10
10-08|Schenking H. Bosz.; Curculionidae 12|Rhinconus gramineus|12
10-08|Schenking H. Bosz.; Curculionidae 12|Rhinconus bruchoides|10
10-08|Schenking H. Bosz.; Curculionidae 12|Rhinconus castor|3
10-08|Schenking H. Bosz.; Curculionidae 12|Rutidosoma fallax|1
10-08|Schenking H. Bosz.; Curculionidae 12|Bagoides suavis|1
10-09|Schenking H. Bosz.; Curculionidae 14|Neosirocalus floralis|14
10-09|Schenking H. Bosz.; Curculionidae 14|Neosirocalus pumilio|12
10-09|Schenking H. Bosz.; Curculionidae 14|Neosirocalus pyrrhorhynchus|8
10-09|Schenking H. Bosz.; Curculionidae 14|Sirocalodes depressicollis|4
10-09|Schenking H. Bosz.; Curculionidae 14|Ceutorhynchidius troglodytus|21
10-09|Schenking H. Bosz.; Curculionidae 14|Ceutorhynchidius hassicus|1
10-09|Schenking H. Bosz.; Curculionidae 14|Ceutorhynchidius rufulus|4
10-09|Schenking H. Bosz.; Curculionidae 14|Ceutorhynchidius horridus|12
10-09|Schenking H. Bosz.; Curculionidae 14|Stenocarus fuliginosus|3
10-09|Schenking H. Bosz.; Curculionidae 14|Cidnorrhinus quadrimaculatus|16
10-09|Schenking H. Bosz.; Curculionidae 14|Orobitis cyaneus|1
10-09|Schenking H. Bosz.; Curculionidae 14|Nanophyes marmoratus|12
10-09|Schenking H. Bosz.; Curculionidae 14|Nanophyes nitidulus|1
10-09|Schenking H. Bosz.; Curculionidae 14|Mecinus janthinus|8
10-09|Schenking H. Bosz.; Curculionidae 14|Mecinus pyraster|4
10-09|Schenking H. Bosz.; Curculionidae 14|Corimalia tamarisci|14
10-09|Schenking H. Bosz.; Curculionidae 14|Corimalia pallidula|1
10-09|Schenking H. Bosz.; Curculionidae 14|Corimalia tetrastigma|1
10-09|Schenking H. Bosz.; Curculionidae 14|Corimalia pallida|1
10-09|Schenking H. Bosz.; Curculionidae 14|Gymnetron labile|10
10-09|Schenking H. Bosz.; Curculionidae 14|Gymnetron pascuorum|12
10-09|Schenking H. Bosz.; Curculionidae 14|Gymnetron baccabungae|1
10-09|Schenking H. Bosz.; Curculionidae 14|Gymnetron veronicae|2
10-09|Schenking H. Bosz.; Curculionidae 14|Gymnetron plantaginis|10
10-09|Schenking H. Bosz.; Curculionidae 14|Gymnetron asellus|10
10-09|Schenking H. Bosz.; Curculionidae 14|Gymnetron tetrum|10
10-09|Schenking H. Bosz.; Curculionidae 14|Gymnetron tetrum s. moroderi|14
10-09|Schenking H. Bosz.; Curculionidae 14|Gymnetron netum|1
10-09|Schenking H. Bosz.; Curculionidae 14|Gymnetron bipustulatum|1
10-09|Schenking H. Bosz.; Curculionidae 14|Gymnetron linariae|3
10-09|Schenking H. Bosz.; Curculionidae 14|Gymnetron antirrhini|10
10-09|Schenking H. Bosz.; Curculionidae 14|Gymnetron ictericum|1
10-09|Schenking H. Bosz.; Curculionidae 14|Miarus longirostris|14
10-09|Schenking H. Bosz.; Curculionidae 14|Miarus graminis|10
10-09|Schenking H. Bosz.; Curculionidae 14|Miarus plantarum|4
10-09|Schenking H. Bosz.; Curculionidae 14|Miarus campanulae|2
10-09|Schenking H. Bosz.; Curculionidae 14|Miarus abeillei|6
10-09|Schenking H. Bosz.; Curculionidae 14|Miarus abnormis|1
10-09|Schenking H. Bosz.; Curculionidae 14|Miarus meridionalis|3
10-09|Schenking H. Bosz.; Curculionidae 14|Cionus alauda|9
10-09|Schenking H. Bosz.; Curculionidae 14|Cionus tuberculosus|8
10-09|Schenking H. Bosz.; Curculionidae 14|Cionus scrophulariae|9
10-09|Schenking H. Bosz.; Curculionidae 14|Cionus hortulanus|9
10-09|Schenking H. Bosz.; Curculionidae 14|Cionus longicollis|10
10-09|Schenking H. Bosz.; Curculionidae 14|Cionus olivieri|10
10-09|Schenking H. Bosz.; Curculionidae 14|Cionus thaspi|3
10-09|Schenking H. Bosz.; Curculionidae 14|Cionus nigritarsis|1
10-09|Schenking H. Bosz.; Curculionidae 14|Cionus olens|1
10-09|Schenking H. Bosz.; Curculionidae 14|Cionus pulverosus|5
10-10|"Natuurhistorisch museum Enschede | Coleoptera | 3103-3156 | Chrysomelidae"|Longitarsis pellucides|2
10-10|"Natuurhistorisch museum Enschede | Coleoptera | 3103-3156 | Chrysomelidae"|Longitarsis ochroleucus|5
10-10|"Natuurhistorisch museum Enschede | Coleoptera | 3103-3156 | Chrysomelidae"|Longitarsis fulgens|2
10-10|"Natuurhistorisch museum Enschede | Coleoptera | 3103-3156 | Chrysomelidae"|Longitarsis parvulus|1
10-10|"Natuurhistorisch museum Enschede | Coleoptera | 3103-3156 | Chrysomelidae"|Haltica lythri|2
10-10|"Natuurhistorisch museum Enschede | Coleoptera | 3103-3156 | Chrysomelidae"|Haltica quercetorum|6
10-10|"Natuurhistorisch museum Enschede | Coleoptera | 3103-3156 | Chrysomelidae"|Haltica oleracea|5
10-11|"Natuurhistorisch museum Enschede | Coleoptera | 2008-2039 | Buprestidae - Helodidae"|Chalcophora mariana|4
10-11|"Natuurhistorisch museum Enschede | Coleoptera | 2008-2039 | Buprestidae - Helodidae"|Chalcophora 9-maculata|5
10-11|"Natuurhistorisch museum Enschede | Coleoptera | 2008-2039 | Buprestidae - Helodidae"|Phaenops cyanea|3
10-11|"Natuurhistorisch museum Enschede | Coleoptera | 2008-2039 | Buprestidae - Helodidae"|Anthaxia salicis|6
10-11|"Natuurhistorisch museum Enschede | Coleoptera | 2008-2039 | Buprestidae - Helodidae"|Anthaxia fulgurans|2
10-11|"Natuurhistorisch museum Enschede | Coleoptera | 2008-2039 | Buprestidae - Helodidae"|Anthaxia nitudula|12
10-11|"Natuurhistorisch museum Enschede | Coleoptera | 2008-2039 | Buprestidae - Helodidae"|NN NN|7
10-11|"Natuurhistorisch museum Enschede | Coleoptera | 2008-2039 | Buprestidae - Helodidae"|Chrysobothris affinis|2
10-11|"Natuurhistorisch museum Enschede | Coleoptera | 2008-2039 | Buprestidae - Helodidae"|Agrilus biguttatus|1
10-11|"Natuurhistorisch museum Enschede | Coleoptera | 2008-2039 | Buprestidae - Helodidae"|Agrilus coeruleus|2
10-11|"Natuurhistorisch museum Enschede | Coleoptera | 2008-2039 | Buprestidae - Helodidae"|Agrilus angustulus|2
10-11|"Natuurhistorisch museum Enschede | Coleoptera | 2008-2039 | Buprestidae - Helodidae"|Agrilus betuleti|1
10-11|"Natuurhistorisch museum Enschede | Coleoptera | 2008-2039 | Buprestidae - Helodidae"|Aphanisticus elongatus|1
10-11|"Natuurhistorisch museum Enschede | Coleoptera | 2008-2039 | Buprestidae - Helodidae"|Trachys minuta|3
10-11|"Natuurhistorisch museum Enschede | Coleoptera | 2008-2039 | Buprestidae - Helodidae"|Dascillus cervinus|4
10-12|"Natuurhistorisch museum Enschede | Coleoptera | 2999-3045 | Chrysomelidae"|Chrysomela coerulans|13
10-12|"Natuurhistorisch museum Enschede | Coleoptera | 2999-3045 | Chrysomelidae"|Chrysomela menthastri|21
10-12|"Natuurhistorisch museum Enschede | Coleoptera | 2999-3045 | Chrysomelidae"|Chrysomela graminis|2
10-12|"Natuurhistorisch museum Enschede | Coleoptera | 2999-3045 | Chrysomelidae"|Chrysomela polita|10
10-12|"Natuurhistorisch museum Enschede | Coleoptera | 2999-3045 | Chrysomelidae"|Chrysomela staphylea|5
10-12|"Natuurhistorisch museum Enschede | Coleoptera | 2999-3045 | Chrysomelidae"|Chrysomela cerealis|1
10-12|"Natuurhistorisch museum Enschede | Coleoptera | 2999-3045 | Chrysomelidae"|Chrysomela haemoptera|6
10-12|"Natuurhistorisch museum Enschede | Coleoptera | 2999-3045 | Chrysomelidae"|Chrysomela goettingensis|5
10-12|"Natuurhistorisch museum Enschede | Coleoptera | 2999-3045 | Chrysomelidae"|Chrysomela marginalis|3
10-12|"Natuurhistorisch museum Enschede | Coleoptera | 2999-3045 | Chrysomelidae"|Chrysomela varians|16
10-12|"Natuurhistorisch museum Enschede | Coleoptera | 2999-3045 | Chrysomelidae"|Chrysomela geminata|2
10-12|"Natuurhistorisch museum Enschede | Coleoptera | 2999-3045 | Chrysomelidae"|Chrysomela fastuosa|22
10-12|"Natuurhistorisch museum Enschede | Coleoptera | 2999-3045 | Chrysomelidae"|Gastroidea polygoni|24
10-12|"Natuurhistorisch museum Enschede | Coleoptera | 2999-3045 | Chrysomelidae"|Phaedon cochleariae|8
10-12|"Natuurhistorisch museum Enschede | Coleoptera | 2999-3045 | Chrysomelidae"|Phaedon armoraciae|1
10-12|"Natuurhistorisch museum Enschede | Coleoptera | 2999-3045 | Chrysomelidae"|Hydrothassa a.glabra|4
10-12|"Natuurhistorisch museum Enschede | Coleoptera | 2999-3045 | Chrysomelidae"|Hydrothassa marginella|6
10-12|"Natuurhistorisch museum Enschede | Coleoptera | 2999-3045 | Chrysomelidae"|Prasocuris phellandrii|4
10-12|"Natuurhistorisch museum Enschede | Coleoptera | 2999-3045 | Chrysomelidae"|Prasocuris juncii|3
10-12|"Natuurhistorisch museum Enschede | Coleoptera | 2999-3045 | Chrysomelidae"|Melasoma aenea|9
10-12|"Natuurhistorisch museum Enschede | Coleoptera | 2999-3045 | Chrysomelidae"|Melasoma lapponica|20
10-12|"Natuurhistorisch museum Enschede | Coleoptera | 2999-3045 | Chrysomelidae"|Melasoma 20-punctata|9
10-12|"Natuurhistorisch museum Enschede | Coleoptera | 2999-3045 | Chrysomelidae"|Melasoma collaris|10
10-12|"Natuurhistorisch museum Enschede | Coleoptera | 2999-3045 | Chrysomelidae"|Melasoma populi|12
10-12|"Natuurhistorisch museum Enschede | Coleoptera | 2999-3045 | Chrysomelidae"|Melasoma tremulae|9
10-12|"Natuurhistorisch museum Enschede | Coleoptera | 2999-3045 | Chrysomelidae"|Phytodecta viminalis|10
10-12|"Natuurhistorisch museum Enschede | Coleoptera | 2999-3045 | Chrysomelidae"|Phytodecta rufipes|1
10-12|"Natuurhistorisch museum Enschede | Coleoptera | 2999-3045 | Chrysomelidae"|Phytodecta linnaeanus|3
10-12|"Natuurhistorisch museum Enschede | Coleoptera | 2999-3045 | Chrysomelidae"|Phytodecta olivaccus|12
10-12|"Natuurhistorisch museum Enschede | Coleoptera | 2999-3045 | Chrysomelidae"|Phytodecta 5-punctatus|8
10-13|"Natuurhistorisch museum Enschede | Coleoptera | 3157-3201 | Chrysomelidae"|Sphaeroderma testaceum|3
10-13|"Natuurhistorisch museum Enschede | Coleoptera | 3157-3201 | Chrysomelidae"|Psylliodes picina|1
10-13|"Natuurhistorisch museum Enschede | Coleoptera | 3157-3201 | Chrysomelidae"|Psylliodes chrysocephala|1
10-13|"Natuurhistorisch museum Enschede | Coleoptera | 3157-3201 | Chrysomelidae"|Psylliodes dulcamarae|1
10-13|"Natuurhistorisch museum Enschede | Coleoptera | 3157-3201 | Chrysomelidae"|Hispella atra|1
10-13|"Natuurhistorisch museum Enschede | Coleoptera | 3157-3201 | Chrysomelidae"|Cassida viridis|6
10-13|"Natuurhistorisch museum Enschede | Coleoptera | 3157-3201 | Chrysomelidae"|Cassida murraea|4
10-13|"Natuurhistorisch museum Enschede | Coleoptera | 3157-3201 | Chrysomelidae"|Cassida nebulosa|7
10-13|"Natuurhistorisch museum Enschede | Coleoptera | 3157-3201 | Chrysomelidae"|Cassida flaveola|1
10-13|"Natuurhistorisch museum Enschede | Coleoptera | 3157-3201 | Chrysomelidae"|Cassida rubiginosa|8
11-01|Endomychidae/Coccinellidae|Mycetaea hirta|2
11-01|Endomychidae/Coccinellidae|Endomychus coccineus|11
11-01|Endomychidae/Coccinellidae|Lycoperdina bovistae|2
11-01|Endomychidae/Coccinellidae|Henosepilachna argus|10
11-01|Endomychidae/Coccinellidae|Henosepilachna elaterii|1
11-01|Endomychidae/Coccinellidae|Subcoccinella 24-punctata|12
11-01|Endomychidae/Coccinellidae|Coccidula scutellata|11
11-01|Endomychidae/Coccinellidae|Rhyzobius litura|1
11-01|Endomychidae/Coccinellidae|Rhyzobius chrysomeloides|6
11-01|Endomychidae/Coccinellidae|Scymnus apetzi|1
11-01|Endomychidae/Coccinellidae|Scymnus suturalis|11
11-01|Endomychidae/Coccinellidae|Scymnus mimulus|1
11-01|Endomychidae/Coccinellidae|Scymnus auritus|2
11-01|Endomychidae/Coccinellidae|Scymnus nigrinus|5
11-01|Endomychidae/Coccinellidae|Scymnus rufipes|1
11-01|Endomychidae/Coccinellidae|Platynaspis luteorubra|2
11-01|Endomychidae/Coccinellidae|Chilocorus bipostulatus|1
11-01|Endomychidae/Coccinellidae|Chilocorus renipostulatus|1
11-01|Endomychidae/Coccinellidae|Exochomus quadripustulatus|8
11-01|Endomychidae/Coccinellidae|Exochomus nigromaculatus|7
11-01|Endomychidae/Coccinellidae|Hyperaspis campestris|1
11-01|Endomychidae/Coccinellidae|Adonia variegata|11
11-01|Endomychidae/Coccinellidae|Aphidecta obliterata|14
11-01|Endomychidae/Coccinellidae|Hippodamia tredecimpunctata|9
11-01|Endomychidae/Coccinellidae|Hippodamia convergens|10
11-01|Endomychidae/Coccinellidae|Anisosticta novemdecimpunctata|8
11-01|Endomychidae/Coccinellidae|Semiadalia notata|9
11-01|Endomychidae/Coccinellidae|Semiadalia alpina|1
11-01|Endomychidae/Coccinellidae|Bulaea lichatschovi|1
11-01|Endomychidae/Coccinellidae|Tytthaspis sedecimpunctata|12
11-01|Endomychidae/Coccinellidae|Adalia conglomerata|1
11-01|Endomychidae/Coccinellidae|Adalia decempunctata|7
11-01|Endomychidae/Coccinellidae|Adalia bipunctata|8
11-01|Endomychidae/Coccinellidae|Coccinella hieroglypha|3
11-01|Endomychidae/Coccinellidae|Coccinella septempunctata|7
11-01|Endomychidae/Coccinellidae|Coccinella distincta|1
11-01|Endomychidae/Coccinellidae|Coccinella quinquepunctata|9
11-01|Endomychidae/Coccinellidae|Coccinella trifasciatus|1
11-01|Endomychidae/Coccinellidae|NN NN|9
11-01|Endomychidae/Coccinellidae|Coccinula 14-postulata|5
11-01|Endomychidae/Coccinellidae|Coccinula sinuatomarginata|1
11-01|Endomychidae/Coccinellidae|Synharmonia lyncea|2
11-01|Endomychidae/Coccinellidae|Synharmonia conglobata|8
11-01|Endomychidae/Coccinellidae|Synharmonia impustulata|3
11-01|Endomychidae/Coccinellidae|Harmonia quadripunctata|9
11-01|Endomychidae/Coccinellidae|NN NN|7
11-01|Endomychidae/Coccinellidae|Sospita vigintiguttata|2
11-01|Endomychidae/Coccinellidae|Calvia decemguttata|3
11-01|Endomychidae/Coccinellidae|Calvia quatordecimguttata|9
11-01|Endomychidae/Coccinellidae|Calvia quinquedecimguttata|1
11-01|Endomychidae/Coccinellidae|Propylea quatordecimpunctata|7
11-01|Endomychidae/Coccinellidae|Neomysia oblongoguttata|10
11-01|Endomychidae/Coccinellidae|Neomysia ocellata|12
11-01|Endomychidae/Coccinellidae|Halyzia sedecimguttata|3
11-01|Endomychidae/Coccinellidae|Vibidia duodecimguttata|2
11-01|Endomychidae/Coccinellidae|Thea vigintiduopunctata|8
11-01|Endomychidae/Coccinellidae|Aiolocaria mirabilis|1
11-02|"Natuurhistorisch museum Enschede | Coleoptera | 1963-2008 | Elateridae"|NN NN|8
11-02|"Natuurhistorisch museum Enschede | Coleoptera | 1963-2008 | Elateridae"|NN NN|11
11-02|"Natuurhistorisch museum Enschede | Coleoptera | 1963-2008 | Elateridae"|NN NN|3
11-02|"Natuurhistorisch museum Enschede | Coleoptera | 1963-2008 | Elateridae"|Corymbites virens|2
11-02|"Natuurhistorisch museum Enschede | Coleoptera | 1963-2008 | Elateridae"|Corymbites pectinicornis|4
11-02|"Natuurhistorisch museum Enschede | Coleoptera | 1963-2008 | Elateridae"|Corymbites heyeri|1
11-02|"Natuurhistorisch museum Enschede | Coleoptera | 1963-2008 | Elateridae"|Corymbites cupreus|2
11-02|"Natuurhistorisch museum Enschede | Coleoptera | 1963-2008 | Elateridae"|Corymbites purpureus|5
11-02|"Natuurhistorisch museum Enschede | Coleoptera | 1963-2008 | Elateridae"|Corymbites tesselatus|3
11-02|"Natuurhistorisch museum Enschede | Coleoptera | 1963-2008 | Elateridae"|Corymbites impressus|4
11-02|"Natuurhistorisch museum Enschede | Coleoptera | 1963-2008 | Elateridae"|Corymbites aeneus|18
11-02|"Natuurhistorisch museum Enschede | Coleoptera | 1963-2008 | Elateridae"|Corymbites cruciatus|1
11-02|"Natuurhistorisch museum Enschede | Coleoptera | 1963-2008 | Elateridae"|Prosternon holocericeus|11
11-02|"Natuurhistorisch museum Enschede | Coleoptera | 1963-2008 | Elateridae"|Ludius ferrugineus|4
11-02|"Natuurhistorisch museum Enschede | Coleoptera | 1963-2008 | Elateridae"|Agriotes aterrimus|4
11-02|"Natuurhistorisch museum Enschede | Coleoptera | 1963-2008 | Elateridae"|Agriotes pallidus|2
11-02|"Natuurhistorisch museum Enschede | Coleoptera | 1963-2008 | Elateridae"|Agriotes ustulatus|8
11-02|"Natuurhistorisch museum Enschede | Coleoptera | 1963-2008 | Elateridae"|Agriotes pilosus|3
11-02|"Natuurhistorisch museum Enschede | Coleoptera | 1963-2008 | Elateridae"|Agriotes sputator|1
11-02|"Natuurhistorisch museum Enschede | Coleoptera | 1963-2008 | Elateridae"|Agriotes lineatus|8
11-02|"Natuurhistorisch museum Enschede | Coleoptera | 1963-2008 | Elateridae"|Dolopius marginatus|10
11-02|"Natuurhistorisch museum Enschede | Coleoptera | 1963-2008 | Elateridae"|Sericus brunneus|2
11-02|"Natuurhistorisch museum Enschede | Coleoptera | 1963-2008 | Elateridae"|Adrastus limbatus|10
11-02|"Natuurhistorisch museum Enschede | Coleoptera | 1963-2008 | Elateridae"|Adrastus nitidulus|2
11-02|"Natuurhistorisch museum Enschede | Coleoptera | 1963-2008 | Elateridae"|NN NN|1
11-03|"Natuurhistorisch museum Enschede | Coleoptera | 1927-1962 | Elateridae"|NN NN|9
11-03|"Natuurhistorisch museum Enschede | Coleoptera | 1927-1962 | Elateridae"|Elater sanguineus|10
11-03|"Natuurhistorisch museum Enschede | Coleoptera | 1927-1962 | Elateridae"|Elater pomonae|2
11-03|"Natuurhistorisch museum Enschede | Coleoptera | 1927-1962 | Elateridae"|Elater sanguinolentus|2
11-03|"Natuurhistorisch museum Enschede | Coleoptera | 1927-1962 | Elateridae"|Elater ferrugatus|1
11-03|"Natuurhistorisch museum Enschede | Coleoptera | 1927-1962 | Elateridae"|Elater balteatus|10
11-03|"Natuurhistorisch museum Enschede | Coleoptera | 1927-1962 | Elateridae"|Elater praestus|2
11-03|"Natuurhistorisch museum Enschede | Coleoptera | 1927-1962 | Elateridae"|Porthmidius austriacus|7
11-03|"Natuurhistorisch museum Enschede | Coleoptera | 1927-1962 | Elateridae"|Hypnoidus riparius|13
11-03|"Natuurhistorisch museum Enschede | Coleoptera | 1927-1962 | Elateridae"|Hypnoidus 4-postulatus|2
11-03|"Natuurhistorisch museum Enschede | Coleoptera | 1927-1962 | Elateridae"|Hypnoidus pulchellus|15
11-03|"Natuurhistorisch museum Enschede | Coleoptera | 1927-1962 | Elateridae"|Hypnoidus meridionalis|10
11-03|"Natuurhistorisch museum Enschede | Coleoptera | 1927-1962 | Elateridae"|Cardiophorus gramineus|1
11-03|"Natuurhistorisch museum Enschede | Coleoptera | 1927-1962 | Elateridae"|Cardiophorus erichsoni|6
11-03|"Natuurhistorisch museum Enschede | Coleoptera | 1927-1962 | Elateridae"|Cardiophorus asellus|2
11-03|"Natuurhistorisch museum Enschede | Coleoptera | 1927-1962 | Elateridae"|Cardiophorus cinereus|9
11-03|"Natuurhistorisch museum Enschede | Coleoptera | 1927-1962 | Elateridae"|Melanotus rufipes|6
11-03|"Natuurhistorisch museum Enschede | Coleoptera | 1927-1962 | Elateridae"|Melanotus punctolineatus|8
11-03|"Natuurhistorisch museum Enschede | Coleoptera | 1927-1962 | Elateridae"|Melanotus brunnipes|4
11-03|"Natuurhistorisch museum Enschede | Coleoptera | 1927-1962 | Elateridae"|Limonius aeruginosus|6
11-03|"Natuurhistorisch museum Enschede | Coleoptera | 1927-1962 | Elateridae"|Pheletes aeneoniger|11
11-03|"Natuurhistorisch museum Enschede | Coleoptera | 1927-1962 | Elateridae"|Pheletes quercus|1
11-03|"Natuurhistorisch museum Enschede | Coleoptera | 1927-1962 | Elateridae"|Athous villosus|2
11-03|"Natuurhistorisch museum Enschede | Coleoptera | 1927-1962 | Elateridae"|Athous hirtus|2
11-03|"Natuurhistorisch museum Enschede | Coleoptera | 1927-1962 | Elateridae"|Athous niger|4
11-03|"Natuurhistorisch museum Enschede | Coleoptera | 1927-1962 | Elateridae"|Athous vittatus|4
11-04|"Natuurhistorisch museum Enschede | Coleoptera | 2138-2187 | Nitidulidae"|NN NN|6
11-04|"Natuurhistorisch museum Enschede | Coleoptera | 2138-2187 | Nitidulidae"|Brachypterus urticae|6
11-04|"Natuurhistorisch museum Enschede | Coleoptera | 2138-2187 | Nitidulidae"|Brachypterus pulicarius|1
11-04|"Natuurhistorisch museum Enschede | Coleoptera | 2138-2187 | Nitidulidae"|Melighetes rufipes|2
11-04|"Natuurhistorisch museum Enschede | Coleoptera | 2138-2187 | Nitidulidae"|Melighetes coeruleovirens|2
11-04|"Natuurhistorisch museum Enschede | Coleoptera | 2138-2187 | Nitidulidae"|Melighetes aeneus|16
11-04|"Natuurhistorisch museum Enschede | Coleoptera | 2138-2187 | Nitidulidae"|Melighetes viridescens|16
11-04|"Natuurhistorisch museum Enschede | Coleoptera | 2138-2187 | Nitidulidae"|Melighetes hoemorrhoidalis|1
11-04|"Natuurhistorisch museum Enschede | Coleoptera | 2138-2187 | Nitidulidae"|Melighetes symphyti|2
11-05|"Natuurhistorisch museum Enschede | Coleoptera | 1869-1911 | Cantharidae"|Malthodes mysticus|2
11-05|"Natuurhistorisch museum Enschede | Coleoptera | 1869-1911 | Cantharidae"|Malthodes minimus|2
11-05|"Natuurhistorisch museum Enschede | Coleoptera | 1869-1911 | Cantharidae"|Drilus flavescens|1
11-05|"Natuurhistorisch museum Enschede | Coleoptera | 1869-1911 | Cantharidae"|Charopes flavipes|1
11-05|"Natuurhistorisch museum Enschede | Coleoptera | 1869-1911 | Cantharidae"|Axinotarsus ruficollis|2
11-05|"Natuurhistorisch museum Enschede | Coleoptera | 1869-1911 | Cantharidae"|Axinotarsus pulicarius|10
11-05|"Natuurhistorisch museum Enschede | Coleoptera | 1869-1911 | Cantharidae"|Axinotarsus marginalis|3
11-05|"Natuurhistorisch museum Enschede | Coleoptera | 1869-1911 | Cantharidae"|Malachius aeneus|5
11-05|"Natuurhistorisch museum Enschede | Coleoptera | 1869-1911 | Cantharidae"|Malachius marginellus|2
11-05|"Natuurhistorisch museum Enschede | Coleoptera | 1869-1911 | Cantharidae"|Malachius bipostulatus|10
11-05|"Natuurhistorisch museum Enschede | Coleoptera | 1869-1911 | Cantharidae"|Malachius viridis|3
11-05|"Natuurhistorisch museum Enschede | Coleoptera | 1869-1911 | Cantharidae"|NN NN|10
11-05|"Natuurhistorisch museum Enschede | Coleoptera | 1869-1911 | Cantharidae"|Anthocomus bipunctatus|6
11-05|"Natuurhistorisch museum Enschede | Coleoptera | 1869-1911 | Cantharidae"|Anthocomus fasciatus|6
11-05|"Natuurhistorisch museum Enschede | Coleoptera | 1869-1911 | Cantharidae"|Haplocnemus nigricornis|1
11-05|"Natuurhistorisch museum Enschede | Coleoptera | 1869-1911 | Cantharidae"|Dasytes coeruleus|7
11-05|"Natuurhistorisch museum Enschede | Coleoptera | 1869-1911 | Cantharidae"|Dasytes plumbeus|5
11-05|"Natuurhistorisch museum Enschede | Coleoptera | 1869-1911 | Cantharidae"|Psilothrix cyaneus|8
11-05|"Natuurhistorisch museum Enschede | Coleoptera | 1869-1911 | Cantharidae"|Dolichosoma lineare|3
11-05|"Natuurhistorisch museum Enschede | Coleoptera | 1869-1911 | Cantharidae"|Danacaea pallipes|1
11-05|"Natuurhistorisch museum Enschede | Coleoptera | 1869-1911 | Cantharidae"|Phlocophilus edwardai|4
11-06|"Natuurhistorisch museum Enschede | Coleoptera | 1827-1868 | Cantharidae"|Cantharis fusca|5
11-06|"Natuurhistorisch museum Enschede | Coleoptera | 1827-1868 | Cantharidae"|Cantharis rustica|9
11-06|"Natuurhistorisch museum Enschede | Coleoptera | 1827-1868 | Cantharidae"|Cantharis obscuratus|1
11-06|"Natuurhistorisch museum Enschede | Coleoptera | 1827-1868 | Cantharidae"|Cantharis nigricans|8
11-06|"Natuurhistorisch museum Enschede | Coleoptera | 1827-1868 | Cantharidae"|Cantharis pullicida|1
11-06|"Natuurhistorisch museum Enschede | Coleoptera | 1827-1868 | Cantharidae"|Cantharis livida|5
11-06|"Natuurhistorisch museum Enschede | Coleoptera | 1827-1868 | Cantharidae"|Cantharis figurata|1
11-06|"Natuurhistorisch museum Enschede | Coleoptera | 1827-1868 | Cantharidae"|Cantharis rufa|4
11-06|"Natuurhistorisch museum Enschede | Coleoptera | 1827-1868 | Cantharidae"|Cantharis pallida|8
11-06|"Natuurhistorisch museum Enschede | Coleoptera | 1827-1868 | Cantharidae"|Cantharis fulvicollis|8
11-06|"Natuurhistorisch museum Enschede | Coleoptera | 1827-1868 | Cantharidae"|Cantharis bicolor|2
11-06|"Natuurhistorisch museum Enschede | Coleoptera | 1827-1868 | Cantharidae"|Cantharis paludosa|1
11-06|"Natuurhistorisch museum Enschede | Coleoptera | 1827-1868 | Cantharidae"|Cantharis lateralis|7
11-06|"Natuurhistorisch museum Enschede | Coleoptera | 1827-1868 | Cantharidae"|Cantharis haemorrhoidalis|5
11-06|"Natuurhistorisch museum Enschede | Coleoptera | 1827-1868 | Cantharidae"|Rhagonycha weetniet|1
11-06|"Natuurhistorisch museum Enschede | Coleoptera | 1827-1868 | Cantharidae"|Rhagonycha fulva|3
11-06|"Natuurhistorisch museum Enschede | Coleoptera | 1827-1868 | Cantharidae"|Rhagonycha testacea|2
11-06|"Natuurhistorisch museum Enschede | Coleoptera | 1827-1868 | Cantharidae"|Rhagonycha limbata|7
11-06|"Natuurhistorisch museum Enschede | Coleoptera | 1827-1868 | Cantharidae"|Rhagonycha lingnosa|7
11-06|"Natuurhistorisch museum Enschede | Coleoptera | 1827-1868 | Cantharidae"|Rhagonycha elongata|1
11-06|"Natuurhistorisch museum Enschede | Coleoptera | 1827-1868 | Cantharidae"|Rhagonycha atra|10
11-06|"Natuurhistorisch museum Enschede | Coleoptera | 1827-1868 | Cantharidae"|Absidia pilosa|1
11-06|"Natuurhistorisch museum Enschede | Coleoptera | 1827-1868 | Cantharidae"|Malthinus flaveolus|3
11-07|"Natuurhistorisch museum Enschede | Coleoptera | 3351-3401 | Curculionidae"|Alophus triguttatus|1
11-07|"Natuurhistorisch museum Enschede | Coleoptera | 3351-3401 | Curculionidae"|Alophus Lepyrus|2
11-07|"Natuurhistorisch museum Enschede | Coleoptera | 3351-3401 | Curculionidae"|Hyobius albietis|9
11-07|"Natuurhistorisch museum Enschede | Coleoptera | 3351-3401 | Curculionidae"|Liparus germanus|15
11-07|"Natuurhistorisch museum Enschede | Coleoptera | 3351-3401 | Curculionidae"|Pissodes notatus|3
11-07|"Natuurhistorisch museum Enschede | Coleoptera | 3351-3401 | Curculionidae"|Pissodes pini|3
11-07|"Natuurhistorisch museum Enschede | Coleoptera | 3351-3401 | Curculionidae"|Pissodes piniphilus|1
11-07|"Natuurhistorisch museum Enschede | Coleoptera | 3351-3401 | Curculionidae"|Magdalis nitida|2
11-07|"Natuurhistorisch museum Enschede | Coleoptera | 3351-3401 | Curculionidae"|Magdalis duplicata|1
11-07|"Natuurhistorisch museum Enschede | Coleoptera | 3351-3401 | Curculionidae"|Magdalis frontalis|3
11-07|"Natuurhistorisch museum Enschede | Coleoptera | 3351-3401 | Curculionidae"|Magdalis cerasi|1
11-07|"Natuurhistorisch museum Enschede | Coleoptera | 3351-3401 | Curculionidae"|Magdalis barbicornis|1
11-07|"Natuurhistorisch museum Enschede | Coleoptera | 3351-3401 | Curculionidae"|Magdalis ruficornis|1
11-07|"Natuurhistorisch museum Enschede | Coleoptera | 3351-3401 | Curculionidae"|Anoplus plantaris|1
11-07|"Natuurhistorisch museum Enschede | Coleoptera | 3351-3401 | Curculionidae"|Tanysphyrus lemnae|2
11-07|"Natuurhistorisch museum Enschede | Coleoptera | 3351-3401 | Curculionidae"|Dicranthus elegans|4
11-08|"Natuurhistorisch museum Enschede | Coleoptera | 3402-3446 | Curculionidae"|Codiosoma spadix|1
11-08|"Natuurhistorisch museum Enschede | Coleoptera | 3402-3446 | Curculionidae"|Cossonus linearis|1
11-08|"Natuurhistorisch museum Enschede | Coleoptera | 3402-3446 | Curculionidae"|Rhyncolus truncorum|1
11-08|"Natuurhistorisch museum Enschede | Coleoptera | 3402-3446 | Curculionidae"|Mononychus punctum-album|1
11-08|"Natuurhistorisch museum Enschede | Coleoptera | 3402-3446 | Curculionidae"|Rhytidosoma leucogaster|1
11-08|"Natuurhistorisch museum Enschede | Coleoptera | 3402-3446 | Curculionidae"|Rhynoncus bruchoides|1
11-08|"Natuurhistorisch museum Enschede | Coleoptera | 3402-3446 | Curculionidae"|Rhynoncus pericarpius|6
11-08|"Natuurhistorisch museum Enschede | Coleoptera | 3402-3446 | Curculionidae"|Poaphagus sysimbrii|2
11-08|"Natuurhistorisch museum Enschede | Coleoptera | 3402-3446 | Curculionidae"|Tapinotus sellatus|2
11-08|"Natuurhistorisch museum Enschede | Coleoptera | 3402-3446 | Curculionidae"|Cidnorrhinus 4-maculatus|6
11-08|"Natuurhistorisch museum Enschede | Coleoptera | 3402-3446 | Curculionidae"|Coeliodes erythroleucus|2
11-08|"Natuurhistorisch museum Enschede | Coleoptera | 3402-3446 | Curculionidae"|Coeliodes rubicundus|2
11-08|"Natuurhistorisch museum Enschede | Coleoptera | 3402-3446 | Curculionidae"|Coeliodes ruber|1
11-08|"Natuurhistorisch museum Enschede | Coleoptera | 3402-3446 | Curculionidae"|Coeliodes trifasciatus|3
11-09|"Natuurhistorisch museum Enschede | Coleoptera | 3257-3302 | Curculionidae"|Polydrosus impar|1
11-09|"Natuurhistorisch museum Enschede | Coleoptera | 3257-3302 | Curculionidae"|Polydrosus sericeus|6
11-09|"Natuurhistorisch museum Enschede | Coleoptera | 3257-3302 | Curculionidae"|Polydrosus chrysomela|2
11-09|"Natuurhistorisch museum Enschede | Coleoptera | 3257-3302 | Curculionidae"|Polydrosus cervinus|3
11-09|"Natuurhistorisch museum Enschede | Coleoptera | 3257-3302 | Curculionidae"|Barypithes pellucidus|1
11-09|"Natuurhistorisch museum Enschede | Coleoptera | 3257-3302 | Curculionidae"|Barypithes araneiformis|2
11-09|"Natuurhistorisch museum Enschede | Coleoptera | 3257-3302 | Curculionidae"|Barypithes tener|1
11-09|"Natuurhistorisch museum Enschede | Coleoptera | 3257-3302 | Curculionidae"|Brachyderus incanus|3
11-09|"Natuurhistorisch museum Enschede | Coleoptera | 3257-3302 | Curculionidae"|Strophosomus melanogrammus|6
11-09|"Natuurhistorisch museum Enschede | Coleoptera | 3257-3302 | Curculionidae"|Strophosomus fulvicornis|5
11-09|"Natuurhistorisch museum Enschede | Coleoptera | 3257-3302 | Curculionidae"|Strophosomus laber|5
11-09|"Natuurhistorisch museum Enschede | Coleoptera | 3257-3302 | Curculionidae"|Strophosomus retusus|2
11-09|"Natuurhistorisch museum Enschede | Coleoptera | 3257-3302 | Curculionidae"|Strophosomus obscurus|1
11-09|"Natuurhistorisch museum Enschede | Coleoptera | 3257-3302 | Curculionidae"|Liophloeus tesselatus|1
11-09|"Natuurhistorisch museum Enschede | Coleoptera | 3257-3302 | Curculionidae"|Sitona gressorius|1
11-09|"Natuurhistorisch museum Enschede | Coleoptera | 3257-3302 | Curculionidae"|Sitona griseus|2
11-09|"Natuurhistorisch museum Enschede | Coleoptera | 3257-3302 | Curculionidae"|Sitona regensteinensis|4
11-09|"Natuurhistorisch museum Enschede | Coleoptera | 3257-3302 | Curculionidae"|Sitona lineatus|6
11-09|"Natuurhistorisch museum Enschede | Coleoptera | 3257-3302 | Curculionidae"|Sitona suturalis|2
11-09|"Natuurhistorisch museum Enschede | Coleoptera | 3257-3302 | Curculionidae"|Sitona sulcifrons|2
11-09|"Natuurhistorisch museum Enschede | Coleoptera | 3257-3302 | Curculionidae"|Sitona gemmelatus|1
11-09|"Natuurhistorisch museum Enschede | Coleoptera | 3257-3302 | Curculionidae"|Sitona puncticollis|1
11-09|"Natuurhistorisch museum Enschede | Coleoptera | 3257-3302 | Curculionidae"|Sitona flavescens|3
11-10|"Natuurhistorisch museum Enschede | Coleoptera | 3652-3704 | Curculionidae"|Apion aeneum|17
11-10|"Natuurhistorisch museum Enschede | Coleoptera | 3652-3704 | Curculionidae"|Apion rufirostre|13
11-11|"Natuurhistorisch museum Enschede | Coleoptera | 3546-3595 | Curculionidae"|Lignyodes hortulanus|4
11-11|"Natuurhistorisch museum Enschede | Coleoptera | 3546-3595 | Curculionidae"|Lignyodes olivieri|2
12-01|"Natuurhistorisch museum Enschede | Coleoptera | 0137-0197 | Carabidae"|Trechus quadristriatus|7
12-01|"Natuurhistorisch museum Enschede | Coleoptera | 0137-0197 | Carabidae"|Trechus quadristriatus v. oblusus|5
12-01|"Natuurhistorisch museum Enschede | Coleoptera | 0137-0197 | Carabidae"|Lasiotrechus discus|6
12-01|"Natuurhistorisch museum Enschede | Coleoptera | 0137-0197 | Carabidae"|Pogonus chalceus|16
12-01|"Natuurhistorisch museum Enschede | Coleoptera | 0137-0197 | Carabidae"|Patrobus excavatus|7
12-01|"Natuurhistorisch museum Enschede | Coleoptera | 0137-0197 | Carabidae"|Perigona nigriceps|2
12-01|"Natuurhistorisch museum Enschede | Coleoptera | 0137-0197 | Carabidae"|Panagaeus crux major|14
12-01|"Natuurhistorisch museum Enschede | Coleoptera | 0137-0197 | Carabidae"|Callistus lunatus|2
12-01|"Natuurhistorisch museum Enschede | Coleoptera | 0137-0197 | Carabidae"|Chlaenius velutinus|3
12-01|"Natuurhistorisch museum Enschede | Coleoptera | 0137-0197 | Carabidae"|NN NN|13
12-01|"Natuurhistorisch museum Enschede | Coleoptera | 0137-0197 | Carabidae"|Chlaeniellus nitidulus|1
12-01|"Natuurhistorisch museum Enschede | Coleoptera | 0137-0197 | Carabidae"|Chlaeniellus vestitus|7
12-01|"Natuurhistorisch museum Enschede | Coleoptera | 0137-0197 | Carabidae"|Oodes helopioides|12
12-01|"Natuurhistorisch museum Enschede | Coleoptera | 0137-0197 | Carabidae"|Badister unipustulatus|4
12-01|"Natuurhistorisch museum Enschede | Coleoptera | 0137-0197 | Carabidae"|Badister bipustulatus|8
12-01|"Natuurhistorisch museum Enschede | Coleoptera | 0137-0197 | Carabidae"|Badister bipustulatus a. lacertosus|3
12-01|"Natuurhistorisch museum Enschede | Coleoptera | 0137-0197 | Carabidae"|Badister sodalis|3
12-01|"Natuurhistorisch museum Enschede | Coleoptera | 0137-0197 | Carabidae"|Baudia peltatus|2
12-01|"Natuurhistorisch museum Enschede | Coleoptera | 0137-0197 | Carabidae"|Ophonus sabulicola|3
12-01|"Natuurhistorisch museum Enschede | Coleoptera | 0137-0197 | Carabidae"|Ophonus obscurus|1
12-01|"Natuurhistorisch museum Enschede | Coleoptera | 0137-0197 | Carabidae"|Metophonus brevicollis|2
12-01|"Natuurhistorisch museum Enschede | Coleoptera | 0137-0197 | Carabidae"|Metophonus cordatus|1
12-01|"Natuurhistorisch museum Enschede | Coleoptera | 0137-0197 | Carabidae"|Metophonus azureus|4
12-01|"Natuurhistorisch museum Enschede | Coleoptera | 0137-0197 | Carabidae"|Metophonus puncticollis|3
12-01|"Natuurhistorisch museum Enschede | Coleoptera | 0137-0197 | Carabidae"|Metophonus puncticeps|2
12-01|"Natuurhistorisch museum Enschede | Coleoptera | 0137-0197 | Carabidae"|Pseudophones pubescens|10
12-01|"Natuurhistorisch museum Enschede | Coleoptera | 0137-0197 | Carabidae"|Pseudophones griseus|1
12-01|"Natuurhistorisch museum Enschede | Coleoptera | 0137-0197 | Carabidae"|Harpalus aeneus|13
12-01|"Natuurhistorisch museum Enschede | Coleoptera | 0137-0197 | Carabidae"|NN NN|4
12-01|"Natuurhistorisch museum Enschede | Coleoptera | 0137-0197 | Carabidae"|Harpalus smaragdinus|1
12-01|"Natuurhistorisch museum Enschede | Coleoptera | 0137-0197 | Carabidae"|Harpalus dimidiatus|2
12-01|"Natuurhistorisch museum Enschede | Coleoptera | 0137-0197 | Carabidae"|NN NN|7
12-01|"Natuurhistorisch museum Enschede | Coleoptera | 0137-0197 | Carabidae"|Harpalus rubripes|2
12-01|"Natuurhistorisch museum Enschede | Coleoptera | 0137-0197 | Carabidae"|Harpalus honestus|2
12-01|"Natuurhistorisch museum Enschede | Coleoptera | 0137-0197 | Carabidae"|Harpalus rufitarsis|1
12-02|"Natuurhistorisch museum Enschede | Coleoptera | 0080-0136a | Carabidae"|Actedium pallidipenne|12
12-02|"Natuurhistorisch museum Enschede | Coleoptera | 0080-0136a | Carabidae"|Testedium bipunctatum|8
12-02|"Natuurhistorisch museum Enschede | Coleoptera | 0080-0136a | Carabidae"|Eupetedroma dentellum|8
12-02|"Natuurhistorisch museum Enschede | Coleoptera | 0080-0136a | Carabidae"|Notaphus varium|13
12-02|"Natuurhistorisch museum Enschede | Coleoptera | 0080-0136a | Carabidae"|Notaphus obliquum|6
12-02|"Natuurhistorisch museum Enschede | Coleoptera | 0080-0136a | Carabidae"|Notaphus adustum|8
12-02|"Natuurhistorisch museum Enschede | Coleoptera | 0080-0136a | Carabidae"|Daniela tabiata|3
12-02|"Natuurhistorisch museum Enschede | Coleoptera | 0080-0136a | Carabidae"|Peryphiolus monticola|1
12-02|"Natuurhistorisch museum Enschede | Coleoptera | 0080-0136a | Carabidae"|Peryphus nitidulum|6
12-02|"Natuurhistorisch museum Enschede | Coleoptera | 0080-0136a | Carabidae"|Peryphus stephensi|11
12-02|"Natuurhistorisch museum Enschede | Coleoptera | 0080-0136a | Carabidae"|Peryphus milleri|3
12-02|"Natuurhistorisch museum Enschede | Coleoptera | 0080-0136a | Carabidae"|Peryphus lunatum|2
12-02|"Natuurhistorisch museum Enschede | Coleoptera | 0080-0136a | Carabidae"|Peryphus repestre|4
12-02|"Natuurhistorisch museum Enschede | Coleoptera | 0080-0136a | Carabidae"|Peryphus ustulatum|12
12-02|"Natuurhistorisch museum Enschede | Coleoptera | 0080-0136a | Carabidae"|Peryphus femoratum|12
12-02|"Natuurhistorisch museum Enschede | Coleoptera | 0080-0136a | Carabidae"|Peryphus testaceum|1
12-02|"Natuurhistorisch museum Enschede | Coleoptera | 0080-0136a | Carabidae"|Peryphus fluviatile|6
12-02|"Natuurhistorisch museum Enschede | Coleoptera | 0080-0136a | Carabidae"|Perigonium decorum|12
12-02|"Natuurhistorisch museum Enschede | Coleoptera | 0080-0136a | Carabidae"|Nepha illigeri|13
12-02|"Natuurhistorisch museum Enschede | Coleoptera | 0080-0136a | Carabidae"|Synechostictus stomoides|11
12-02|"Natuurhistorisch museum Enschede | Coleoptera | 0080-0136a | Carabidae"|Synechostictus elongatum|13
12-02|"Natuurhistorisch museum Enschede | Coleoptera | 0080-0136a | Carabidae"|Semicampa gilvipes|1
12-02|"Natuurhistorisch museum Enschede | Coleoptera | 0080-0136a | Carabidae"|Diplocampa fumigatum|10
12-02|"Natuurhistorisch museum Enschede | Coleoptera | 0080-0136a | Carabidae"|Diplocampa assimile|11
12-02|"Natuurhistorisch museum Enschede | Coleoptera | 0080-0136a | Carabidae"|Emphanes normannum|6
12-02|"Natuurhistorisch museum Enschede | Coleoptera | 0080-0136a | Carabidae"|Emphanes minimum|10
12-02|"Natuurhistorisch museum Enschede | Coleoptera | 0080-0136a | Carabidae"|Bembidion humerale|6
12-02|"Natuurhistorisch museum Enschede | Coleoptera | 0080-0136a | Carabidae"|Bembidion quadrimaculatum|12
12-02|"Natuurhistorisch museum Enschede | Coleoptera | 0080-0136a | Carabidae"|Bembidion quadriguttatum|1
12-02|"Natuurhistorisch museum Enschede | Coleoptera | 0080-0136a | Carabidae"|Trepanodoris doris|15
12-02|"Natuurhistorisch museum Enschede | Coleoptera | 0080-0136a | Carabidae"|Trepanes articulatum|12
12-02|"Natuurhistorisch museum Enschede | Coleoptera | 0080-0136a | Carabidae"|Trepanes octomaculatum|6
12-02|"Natuurhistorisch museum Enschede | Coleoptera | 0080-0136a | Carabidae"|Philochthus biguttatum|3
12-02|"Natuurhistorisch museum Enschede | Coleoptera | 0080-0136a | Carabidae"|Philochthus aeneum|2
12-02|"Natuurhistorisch museum Enschede | Coleoptera | 0080-0136a | Carabidae"|Philochthus mannerheimi|8
12-02|"Natuurhistorisch museum Enschede | Coleoptera | 0080-0136a | Carabidae"|Philochthus guttata|6
12-02|"Natuurhistorisch museum Enschede | Coleoptera | 0080-0136a | Carabidae"|Philochthus lunulatum|1
12-02|"Natuurhistorisch museum Enschede | Coleoptera | 0080-0136a | Carabidae"|Philochthus iricolor|1
12-02|"Natuurhistorisch museum Enschede | Coleoptera | 0080-0136a | Carabidae"|Cillenus lateralis|1
12-02|"Natuurhistorisch museum Enschede | Coleoptera | 0080-0136a | Carabidae"|Ocys harpaloides|4
12-02|"Natuurhistorisch museum Enschede | Coleoptera | 0080-0136a | Carabidae"|Tachys bistriatus|4
12-02|"Natuurhistorisch museum Enschede | Coleoptera | 0080-0136a | Carabidae"|Tachyura parvulus|8
12-02|"Natuurhistorisch museum Enschede | Coleoptera | 0080-0136a | Carabidae"|Tachyta nana|1
12-02|"Natuurhistorisch museum Enschede | Coleoptera | 0080-0136a | Carabidae"|Perileptus areolatus|1
12-03|"Natuurhistorisch museum Enschede | Coleoptera | 0269-0322 | Carabidae"|NN NN|4
12-03|"Natuurhistorisch museum Enschede | Coleoptera | 0269-0322 | Carabidae"|NN NN|1
12-03|"Natuurhistorisch museum Enschede | Coleoptera | 0269-0322 | Carabidae"|Cyrtonotus aulica|2
12-03|"Natuurhistorisch museum Enschede | Coleoptera | 0269-0322 | Carabidae"|Cyrtonotus convexiuscula|6
12-03|"Natuurhistorisch museum Enschede | Coleoptera | 0269-0322 | Carabidae"|Percosia equestris|1
12-03|"Natuurhistorisch museum Enschede | Coleoptera | 0269-0322 | Carabidae"|Zabrus tenebrioides|2
12-03|"Natuurhistorisch museum Enschede | Coleoptera | 0269-0322 | Carabidae"|Stomis pumicatus|6
12-03|"Natuurhistorisch museum Enschede | Coleoptera | 0269-0322 | Carabidae"|Poecilus lepides|9
12-03|"Natuurhistorisch museum Enschede | Coleoptera | 0269-0322 | Carabidae"|Poecilus cupreus|12
12-03|"Natuurhistorisch museum Enschede | Coleoptera | 0269-0322 | Carabidae"|Poecilus coeresculens|6
12-03|"Natuurhistorisch museum Enschede | Coleoptera | 0269-0322 | Carabidae"|Lagarus vernalis|14
12-03|"Natuurhistorisch museum Enschede | Coleoptera | 0269-0322 | Carabidae"|Bothriopterus oblongopunctatus|16
12-03|"Natuurhistorisch museum Enschede | Coleoptera | 0269-0322 | Carabidae"|Bothriopterus angustatus|2
12-03|"Natuurhistorisch museum Enschede | Coleoptera | 0269-0322 | Carabidae"|Platysma niger|9
12-03|"Natuurhistorisch museum Enschede | Coleoptera | 0269-0322 | Carabidae"|Omaseus vulgaris|9
12-03|"Natuurhistorisch museum Enschede | Coleoptera | 0269-0322 | Carabidae"|Melanius nigritus|8
12-03|"Natuurhistorisch museum Enschede | Coleoptera | 0269-0322 | Carabidae"|Melanius anthracinus|3
12-03|"Natuurhistorisch museum Enschede | Coleoptera | 0269-0322 | Carabidae"|Melanius gracilis|1
12-03|"Natuurhistorisch museum Enschede | Coleoptera | 0269-0322 | Carabidae"|Melanius minor|6
12-03|"Natuurhistorisch museum Enschede | Coleoptera | 0269-0322 | Carabidae"|Argutor strenuus|10
12-03|"Natuurhistorisch museum Enschede | Coleoptera | 0269-0322 | Carabidae"|Argutor diligens|5
12-03|"Natuurhistorisch museum Enschede | Coleoptera | 0269-0322 | Carabidae"|Steropus madidus|11
12-03|"Natuurhistorisch museum Enschede | Coleoptera | 0269-0322 | Carabidae"|Abax ater|13
12-03|"Natuurhistorisch museum Enschede | Coleoptera | 0269-0322 | Carabidae"|Abax carinatus|2
12-03|"Natuurhistorisch museum Enschede | Coleoptera | 0269-0322 | Carabidae"|Molops piceus|1
12-03|"Natuurhistorisch museum Enschede | Coleoptera | 0269-0322 | Carabidae"|Calathus fuscipes|10
12-03|"Natuurhistorisch museum Enschede | Coleoptera | 0269-0322 | Carabidae"|Calathus erratus|11
12-03|"Natuurhistorisch museum Enschede | Coleoptera | 0269-0322 | Carabidae"|Calathus ambiguus|1
12-03|"Natuurhistorisch museum Enschede | Coleoptera | 0269-0322 | Carabidae"|Calathus micropterus|8
12-03|"Natuurhistorisch museum Enschede | Coleoptera | 0269-0322 | Carabidae"|Calathus melanocephalus|10
12-03|"Natuurhistorisch museum Enschede | Coleoptera | 0269-0322 | Carabidae"|Calathus mollis|3
12-03|"Natuurhistorisch museum Enschede | Coleoptera | 0269-0322 | Carabidae"|Calathus piceus|9
12-03|"Natuurhistorisch museum Enschede | Coleoptera | 0269-0322 | Carabidae"|Pristonichus terricola|5
12-03|"Natuurhistorisch museum Enschede | Coleoptera | 0269-0322 | Carabidae"|Dolichus halensis|1
12-03|"Natuurhistorisch museum Enschede | Coleoptera | 0269-0322 | Carabidae"|Synuchus nivalis|2
12-03|"Natuurhistorisch museum Enschede | Coleoptera | 0269-0322 | Carabidae"|Olisthopus rotundatus|10
12-03|"Natuurhistorisch museum Enschede | Coleoptera | 0269-0322 | Carabidae"|Agonum sexpunctatus|9
12-03|"Natuurhistorisch museum Enschede | Coleoptera | 0269-0322 | Carabidae"|Agonum marginatus|8
12-03|"Natuurhistorisch museum Enschede | Coleoptera | 0269-0322 | Carabidae"|Agonum muelleri|11
12-04|"Natuurhistorisch museum Enschede | Coleoptera | 0198-0268 | Carabidae"|NN NN|1
12-04|"Natuurhistorisch museum Enschede | Coleoptera | 0198-0268 | Carabidae"|NN NN|5
12-04|"Natuurhistorisch museum Enschede | Coleoptera | 0198-0268 | Carabidae"|NN NN|1
12-04|"Natuurhistorisch museum Enschede | Coleoptera | 0198-0268 | Carabidae"|NN NN|2
12-04|"Natuurhistorisch museum Enschede | Coleoptera | 0198-0268 | Carabidae"|NN NN|4
12-04|"Natuurhistorisch museum Enschede | Coleoptera | 0198-0268 | Carabidae"|Stenolophus teutonus|17
12-04|"Natuurhistorisch museum Enschede | Coleoptera | 0198-0268 | Carabidae"|Stenolophus skrimshiranus|4
12-04|"Natuurhistorisch museum Enschede | Coleoptera | 0198-0268 | Carabidae"|Stenolophus mixtus|9
12-04|"Natuurhistorisch museum Enschede | Coleoptera | 0198-0268 | Carabidae"|Acupalpus flavicollis|6
12-04|"Natuurhistorisch museum Enschede | Coleoptera | 0198-0268 | Carabidae"|Acupalpus meridianus|5
12-04|"Natuurhistorisch museum Enschede | Coleoptera | 0198-0268 | Carabidae"|Acupalpus dorsalis|10
12-04|"Natuurhistorisch museum Enschede | Coleoptera | 0198-0268 | Carabidae"|Acupalpus a. dubius|6
12-04|"Natuurhistorisch museum Enschede | Coleoptera | 0198-0268 | Carabidae"|Acupalpus exiguus|2
12-04|"Natuurhistorisch museum Enschede | Coleoptera | 0198-0268 | Carabidae"|Bradycellus similis|8
12-04|"Natuurhistorisch museum Enschede | Coleoptera | 0198-0268 | Carabidae"|Bradycellus verbasci|4
12-04|"Natuurhistorisch museum Enschede | Coleoptera | 0198-0268 | Carabidae"|Bradycellus distinctus v. harpalinus|6
12-04|"Natuurhistorisch museum Enschede | Coleoptera | 0198-0268 | Carabidae"|Bradycellus collaris|1
12-04|"Natuurhistorisch museum Enschede | Coleoptera | 0198-0268 | Carabidae"|Trichocellus placidus|9
12-04|"Natuurhistorisch museum Enschede | Coleoptera | 0198-0268 | Carabidae"|Dicheirotrichus pubescens|7
12-04|"Natuurhistorisch museum Enschede | Coleoptera | 0198-0268 | Carabidae"|Diachromus germanus|2
12-04|"Natuurhistorisch museum Enschede | Coleoptera | 0198-0268 | Carabidae"|Anisodactylus binotatus|9
12-04|"Natuurhistorisch museum Enschede | Coleoptera | 0198-0268 | Carabidae"|Amara strenua|1
12-04|"Natuurhistorisch museum Enschede | Coleoptera | 0198-0268 | Carabidae"|Amara similis|2
12-04|"Natuurhistorisch museum Enschede | Coleoptera | 0198-0268 | Carabidae"|Amara ovata|2
12-04|"Natuurhistorisch museum Enschede | Coleoptera | 0198-0268 | Carabidae"|Amara communis|9
12-04|"Natuurhistorisch museum Enschede | Coleoptera | 0198-0268 | Carabidae"|Amara lunicollis|8
12-04|"Natuurhistorisch museum Enschede | Coleoptera | 0198-0268 | Carabidae"|Amara curta|1
12-04|"Natuurhistorisch museum Enschede | Coleoptera | 0198-0268 | Carabidae"|Amara aenea|5
12-04|"Natuurhistorisch museum Enschede | Coleoptera | 0198-0268 | Carabidae"|Amara spreta|15
12-04|"Natuurhistorisch museum Enschede | Coleoptera | 0198-0268 | Carabidae"|Amara familiaris|3
12-04|"Natuurhistorisch museum Enschede | Coleoptera | 0198-0268 | Carabidae"|Amara anthobia|1
12-04|"Natuurhistorisch museum Enschede | Coleoptera | 0198-0268 | Carabidae"|Amara tibialis|6
12-04|"Natuurhistorisch museum Enschede | Coleoptera | 0198-0268 | Carabidae"|Amara bifrons|6
12-04|"Natuurhistorisch museum Enschede | Coleoptera | 0198-0268 | Carabidae"|Amara apricaria|1
12-04|"Natuurhistorisch museum Enschede | Coleoptera | 0198-0268 | Carabidae"|Amara fulva|4
12-05|"Natuurhistorisch museum Enschede | Coleoptera | 0024-0079 | Carabidae"|Leistus spinibarbis|5
12-05|"Natuurhistorisch museum Enschede | Coleoptera | 0024-0079 | Carabidae"|Leistus rufomarginatus|10
12-05|"Natuurhistorisch museum Enschede | Coleoptera | 0024-0079 | Carabidae"|NN NN|5
12-05|"Natuurhistorisch museum Enschede | Coleoptera | 0024-0079 | Carabidae"|NN NN|12
12-05|"Natuurhistorisch museum Enschede | Coleoptera | 0024-0079 | Carabidae"|Leistus ferrugineus|8
12-05|"Natuurhistorisch museum Enschede | Coleoptera | 0024-0079 | Carabidae"|Nebria livida|1
12-05|"Natuurhistorisch museum Enschede | Coleoptera | 0024-0079 | Carabidae"|Nebria livida v. lateralis|11
12-05|"Natuurhistorisch museum Enschede | Coleoptera | 0024-0079 | Carabidae"|Nebria picicornis|1
12-05|"Natuurhistorisch museum Enschede | Coleoptera | 0024-0079 | Carabidae"|Nebria brevicollis|13
12-05|"Natuurhistorisch museum Enschede | Coleoptera | 0024-0079 | Carabidae"|NN NN|8
12-05|"Natuurhistorisch museum Enschede | Coleoptera | 0024-0079 | Carabidae"|Notiophilus pussilus|5
12-05|"Natuurhistorisch museum Enschede | Coleoptera | 0024-0079 | Carabidae"|Notiophilus aquaticus|6
12-05|"Natuurhistorisch museum Enschede | Coleoptera | 0024-0079 | Carabidae"|Notiophilus palustris|9
12-05|"Natuurhistorisch museum Enschede | Coleoptera | 0024-0079 | Carabidae"|Notiophilus hypocrita|1
12-05|"Natuurhistorisch museum Enschede | Coleoptera | 0024-0079 | Carabidae"|Notiophilus substriatus|5
12-05|"Natuurhistorisch museum Enschede | Coleoptera | 0024-0079 | Carabidae"|Notiophilus rufipes|2
12-05|"Natuurhistorisch museum Enschede | Coleoptera | 0024-0079 | Carabidae"|Notiophilus biguttatus|10
12-05|"Natuurhistorisch museum Enschede | Coleoptera | 0024-0079 | Carabidae"|Blethisa multipunctata|1
12-05|"Natuurhistorisch museum Enschede | Coleoptera | 0024-0079 | Carabidae"|Elaphrus uliginosus|1
12-05|"Natuurhistorisch museum Enschede | Coleoptera | 0024-0079 | Carabidae"|Elaphrus cupreus|14
12-05|"Natuurhistorisch museum Enschede | Coleoptera | 0024-0079 | Carabidae"|Elaphrus riparius|23
12-05|"Natuurhistorisch museum Enschede | Coleoptera | 0024-0079 | Carabidae"|Elaphrus aureus|4
12-05|"Natuurhistorisch museum Enschede | Coleoptera | 0024-0079 | Carabidae"|Elaphrus ullrichi|1
12-05|"Natuurhistorisch museum Enschede | Coleoptera | 0024-0079 | Carabidae"|Lorocera pilicornis|13
12-05|"Natuurhistorisch museum Enschede | Coleoptera | 0024-0079 | Carabidae"|Clivina fossor|12
12-05|"Natuurhistorisch museum Enschede | Coleoptera | 0024-0079 | Carabidae"|Clivina collaris|12
12-05|"Natuurhistorisch museum Enschede | Coleoptera | 0024-0079 | Carabidae"|Dyschirius arenosus|8
12-05|"Natuurhistorisch museum Enschede | Coleoptera | 0024-0079 | Carabidae"|Dyschirius obscurus|8
12-05|"Natuurhistorisch museum Enschede | Coleoptera | 0024-0079 | Carabidae"|Dyschirius nitidus|1
12-05|"Natuurhistorisch museum Enschede | Coleoptera | 0024-0079 | Carabidae"|Dyschirius politus|1
12-05|"Natuurhistorisch museum Enschede | Coleoptera | 0024-0079 | Carabidae"|Dyschirius impunctipennis|4
12-05|"Natuurhistorisch museum Enschede | Coleoptera | 0024-0079 | Carabidae"|Dyschirius salinus|6
12-05|"Natuurhistorisch museum Enschede | Coleoptera | 0024-0079 | Carabidae"|Dyschirius aeneus|4
12-05|"Natuurhistorisch museum Enschede | Coleoptera | 0024-0079 | Carabidae"|Dyschirius luedersi|2
12-05|"Natuurhistorisch museum Enschede | Coleoptera | 0024-0079 | Carabidae"|Dyschirius intermedius|1
12-05|"Natuurhistorisch museum Enschede | Coleoptera | 0024-0079 | Carabidae"|Dyschirius laeviusculus|1
12-05|"Natuurhistorisch museum Enschede | Coleoptera | 0024-0079 | Carabidae"|Dyschirius angustatus v. semistriatus|1
12-05|"Natuurhistorisch museum Enschede | Coleoptera | 0024-0079 | Carabidae"|Dyschirius globosus|10
12-05|"Natuurhistorisch museum Enschede | Coleoptera | 0024-0079 | Carabidae"|Omophron limbatum|11
12-05|"Natuurhistorisch museum Enschede | Coleoptera | 0024-0079 | Carabidae"|Broscus cephalotes|8
12-05|"Natuurhistorisch museum Enschede | Coleoptera | 0024-0079 | Carabidae"|Asaphidion pallipes|4
12-05|"Natuurhistorisch museum Enschede | Coleoptera | 0024-0079 | Carabidae"|Asaphidion flavipes|6
12-05|"Natuurhistorisch museum Enschede | Coleoptera | 0024-0079 | Carabidae"|Bracteon striatum|7
12-05|"Natuurhistorisch museum Enschede | Coleoptera | 0024-0079 | Carabidae"|Chrysobracteon argenteolum|6
12-05|"Natuurhistorisch museum Enschede | Coleoptera | 0024-0079 | Carabidae"|Chrysobracteon velox|8
12-05|"Natuurhistorisch museum Enschede | Coleoptera | 0024-0079 | Carabidae"|Litereobracteon litorale|10
12-05|"Natuurhistorisch museum Enschede | Coleoptera | 0024-0079 | Carabidae"|Neja nigricorne|6
12-05|"Natuurhistorisch museum Enschede | Coleoptera | 0024-0079 | Carabidae"|Metallina lampros|9
12-05|"Natuurhistorisch museum Enschede | Coleoptera | 0024-0079 | Carabidae"|Metallina lampros v. properans|2
12-05|"Natuurhistorisch museum Enschede | Coleoptera | 0024-0079 | Carabidae"|Princidium punctulatum|8
12-06|"Natuurhistorisch museum Enschede | Coleoptera | 0323-0372| Carabidae"|Agonum versutus|3
12-06|"Natuurhistorisch museum Enschede | Coleoptera | 0323-0372| Carabidae"|Agonum viduus|2
12-06|"Natuurhistorisch museum Enschede | Coleoptera | 0323-0372| Carabidae"|Agonum viduus v. moestus|11
12-06|"Natuurhistorisch museum Enschede | Coleoptera | 0323-0372| Carabidae"|Agonum lugens|1
12-06|"Natuurhistorisch museum Enschede | Coleoptera | 0323-0372| Carabidae"|Batenus livens|13
12-06|"Natuurhistorisch museum Enschede | Coleoptera | 0323-0372| Carabidae"|Europhilus micans|7
12-06|"Natuurhistorisch museum Enschede | Coleoptera | 0323-0372| Carabidae"|Europhilus scitulus|1
12-06|"Natuurhistorisch museum Enschede | Coleoptera | 0323-0372| Carabidae"|Europhilus piceum|14
12-06|"Natuurhistorisch museum Enschede | Coleoptera | 0323-0372| Carabidae"|Europhilus fuliginosus|8
12-06|"Natuurhistorisch museum Enschede | Coleoptera | 0323-0372| Carabidae"|Europhilus thoreyi|12
12-06|"Natuurhistorisch museum Enschede | Coleoptera | 0323-0372| Carabidae"|Limodromus assimilis|10
12-06|"Natuurhistorisch museum Enschede | Coleoptera | 0323-0372| Carabidae"|Anchomenus ruficornis|12
12-06|"Natuurhistorisch museum Enschede | Coleoptera | 0323-0372| Carabidae"|Anchus obscurus|10
12-06|"Natuurhistorisch museum Enschede | Coleoptera | 0323-0372| Carabidae"|Idiochroma dorsalis|14
12-06|"Natuurhistorisch museum Enschede | Coleoptera | 0323-0372| Carabidae"|Masoreus wetterhali|3
12-06|"Natuurhistorisch museum Enschede | Coleoptera | 0323-0372| Carabidae"|Lebia chlorocephala|1
12-06|"Natuurhistorisch museum Enschede | Coleoptera | 0323-0372| Carabidae"|Lebia crux minor|1
12-06|"Natuurhistorisch museum Enschede | Coleoptera | 0323-0372| Carabidae"|Lebia scapularis|1
12-06|"Natuurhistorisch museum Enschede | Coleoptera | 0323-0372| Carabidae"|Demetrias atricapillus|7
12-06|"Natuurhistorisch museum Enschede | Coleoptera | 0323-0372| Carabidae"|Demetrias monostigma|9
12-06|"Natuurhistorisch museum Enschede | Coleoptera | 0323-0372| Carabidae"|Demetrias imperialis|13
12-06|"Natuurhistorisch museum Enschede | Coleoptera | 0323-0372| Carabidae"|Dromius linearis|7
12-06|"Natuurhistorisch museum Enschede | Coleoptera | 0323-0372| Carabidae"|Dromius agilis|1
12-06|"Natuurhistorisch museum Enschede | Coleoptera | 0323-0372| Carabidae"|Dromius quadrimaculatus|8
12-06|"Natuurhistorisch museum Enschede | Coleoptera | 0323-0372| Carabidae"|Dromius quadrinotatus|4
12-06|"Natuurhistorisch museum Enschede | Coleoptera | 0323-0372| Carabidae"|Dromius quadrisignatus|1
12-06|"Natuurhistorisch museum Enschede | Coleoptera | 0323-0372| Carabidae"|Dromius sima|1
12-06|"Natuurhistorisch museum Enschede | Coleoptera | 0323-0372| Carabidae"|Dromius melanocephalus|11
12-06|"Natuurhistorisch museum Enschede | Coleoptera | 0323-0372| Carabidae"|Metabletus truncatellus|2
12-06|"Natuurhistorisch museum Enschede | Coleoptera | 0323-0372| Carabidae"|Metabletus foveatus|7
12-06|"Natuurhistorisch museum Enschede | Coleoptera | 0323-0372| Carabidae"|Microlestes minutulus|3
12-06|"Natuurhistorisch museum Enschede | Coleoptera | 0323-0372| Carabidae"|Lionychus quadrillum|4
12-06|"Natuurhistorisch museum Enschede | Coleoptera | 0323-0372| Carabidae"|Cimidis humeralis|1
12-06|"Natuurhistorisch museum Enschede | Coleoptera | 0323-0372| Carabidae"|Cimidis axillaris|2
12-06|"Natuurhistorisch museum Enschede | Coleoptera | 0323-0372| Carabidae"|Cimidis vaporarorium|5
12-06|"Natuurhistorisch museum Enschede | Coleoptera | 0323-0372| Carabidae"|Odacantha melanura|17
12-06|"Natuurhistorisch museum Enschede | Coleoptera | 0323-0372| Carabidae"|Brachynus crepitans|15
12-06|"Natuurhistorisch museum Enschede | Coleoptera | 0323-0372| Carabidae"|Brachynus sclopeta|2
12-06|"Natuurhistorisch museum Enschede | Coleoptera | 0323-0372| Carabidae"|Brachynus explodens|4
12-07|Anoniem|NN NN|375
12-08|"Natuurhistorisch museum Enschede | Coleoptera | 3760-3807| Nemonychidae; Scolytidae"|Scolytus ratzeburgi|1
12-08|"Natuurhistorisch museum Enschede | Coleoptera | 3760-3807| Nemonychidae; Scolytidae"|Scolytus scolytus|3
12-08|"Natuurhistorisch museum Enschede | Coleoptera | 3760-3807| Nemonychidae; Scolytidae"|Scolytus mali..|1
12-08|"Natuurhistorisch museum Enschede | Coleoptera | 3760-3807| Nemonychidae; Scolytidae"|Scolytus intricatus|11
12-08|"Natuurhistorisch museum Enschede | Coleoptera | 3760-3807| Nemonychidae; Scolytidae"|Hylesinus crenatus|1
12-08|"Natuurhistorisch museum Enschede | Coleoptera | 3760-3807| Nemonychidae; Scolytidae"|Pteleobius vittatus|1
12-08|"Natuurhistorisch museum Enschede | Coleoptera | 3760-3807| Nemonychidae; Scolytidae"|Phloeophthorus rododactylus|2
12-08|"Natuurhistorisch museum Enschede | Coleoptera | 3760-3807| Nemonychidae; Scolytidae"|Hylurgops pilliatus|1
12-08|"Natuurhistorisch museum Enschede | Coleoptera | 3760-3807| Nemonychidae; Scolytidae"|Hylastes ater|4
12-08|"Natuurhistorisch museum Enschede | Coleoptera | 3760-3807| Nemonychidae; Scolytidae"|Hylastes ater v. brunneus|1
12-08|"Natuurhistorisch museum Enschede | Coleoptera | 3760-3807| Nemonychidae; Scolytidae"|Hylastes cunicularius|1
12-08|"Natuurhistorisch museum Enschede | Coleoptera | 3760-3807| Nemonychidae; Scolytidae"|Tomicus minor|4
12-08|"Natuurhistorisch museum Enschede | Coleoptera | 3760-3807| Nemonychidae; Scolytidae"|Crypturgus pusillus|3
12-08|"Natuurhistorisch museum Enschede | Coleoptera | 3760-3807| Nemonychidae; Scolytidae"|Dryocoetes autographus|8
12-08|"Natuurhistorisch museum Enschede | Coleoptera | 3760-3807| Nemonychidae; Scolytidae"|Dryocoetes villosus|1
12-08|"Natuurhistorisch museum Enschede | Coleoptera | 3760-3807| Nemonychidae; Scolytidae"|Xyloterus domesticus|1
12-08|"Natuurhistorisch museum Enschede | Coleoptera | 3760-3807| Nemonychidae; Scolytidae"|Xyloterus lineatus|1
12-08|"Natuurhistorisch museum Enschede | Coleoptera | 3760-3807| Nemonychidae; Scolytidae"|Cryphalus abietis|1
12-09|"Natuurhistorisch museum Enschede | Coleoptera | 2040-2091 |  "|Scirtes hemisphaericus|5
12-09|"Natuurhistorisch museum Enschede | Coleoptera | 2040-2091 |  "|Dryops luridus|10
12-09|"Natuurhistorisch museum Enschede | Coleoptera | 2040-2091 |  "|Helmis maugei|4
12-09|"Natuurhistorisch museum Enschede | Coleoptera | 2040-2091 |  "|Georyssus crenulatus|2
12-09|"Natuurhistorisch museum Enschede | Coleoptera | 2040-2091 |  "|Heterocerus flexuosus|11
12-09|"Natuurhistorisch museum Enschede | Coleoptera | 2040-2091 |  "|Heterocerus obsoletus|10
12-09|"Natuurhistorisch museum Enschede | Coleoptera | 2040-2091 |  "|Heterocerus marginatus|14
12-09|"Natuurhistorisch museum Enschede | Coleoptera | 2040-2091 |  "|Heterocerus fenestratus|14
12-09|"Natuurhistorisch museum Enschede | Coleoptera | 2040-2091 |  "|Heterocerus fusculatus|6
12-09|"Natuurhistorisch museum Enschede | Coleoptera | 2040-2091 |  "|Heterocerus bispidulus|8
12-09|"Natuurhistorisch museum Enschede | Coleoptera | 2040-2091 |  "|Heterocerus crinitus|2
12-09|"Natuurhistorisch museum Enschede | Coleoptera | 2040-2091 |  "|Dermestus vulpinus|11
12-09|"Natuurhistorisch museum Enschede | Coleoptera | 2040-2091 |  "|Dermestus frischi|1
12-09|"Natuurhistorisch museum Enschede | Coleoptera | 2040-2091 |  "|Dermestus murinus|11
12-09|"Natuurhistorisch museum Enschede | Coleoptera | 2040-2091 |  "|Dermestus undulatus|3
12-10|Z.O.Azië|NN NN|41
12-11|Lycaenidae 2|NN NN|366
12-12|Lycaenidae Europa|Aesalus scarabaeoides|1
12-12|Lycaenidae Europa|Sinodendron cylindricum|11
12-12|Lycaenidae Europa|Dorcus parallelipipedus|15
12-12|Lycaenidae Europa|Platycerus spinniger|1
12-12|Lycaenidae Europa|Platycerus caraboides|7
12-12|Lycaenidae Europa|Lucanus tetraodon|4
12-12|Lycaenidae Europa|Lucanus cervus|15
12-12|Lycaenidae Europa|Pseudolucanus barbarossa|1
12-14|"Natuurhistorisch museum Enschede | Coleoptera | 2963-2998 | Chrysomelidae|"|Gynandrphthalma cyanea|4
12-14|"Natuurhistorisch museum Enschede | Coleoptera | 2963-2998 | Chrysomelidae|"|Gynandrphthalma aurita|2
12-14|"Natuurhistorisch museum Enschede | Coleoptera | 2963-2998 | Chrysomelidae|"|Pachybrachis hieroglyphicus|1
12-14|"Natuurhistorisch museum Enschede | Coleoptera | 2963-2998 | Chrysomelidae|"|Cryptocephalus bipunctatus|6
12-14|"Natuurhistorisch museum Enschede | Coleoptera | 2963-2998 | Chrysomelidae|"|Cryptocephalus biguttatus|7
12-14|"Natuurhistorisch museum Enschede | Coleoptera | 2963-2998 | Chrysomelidae|"|Cryptocephalus aureolus|6
12-14|"Natuurhistorisch museum Enschede | Coleoptera | 2963-2998 | Chrysomelidae|"|Cryptocephalus sericeus|6
12-14|"Natuurhistorisch museum Enschede | Coleoptera | 2963-2998 | Chrysomelidae|"|Cryptocephalus violaceus|2
12-14|"Natuurhistorisch museum Enschede | Coleoptera | 2963-2998 | Chrysomelidae|"|Cryptocephalus nitidus|15
12-14|"Natuurhistorisch museum Enschede | Coleoptera | 2963-2998 | Chrysomelidae|"|Cryptocephalus punctiger|1
12-14|"Natuurhistorisch museum Enschede | Coleoptera | 2963-2998 | Chrysomelidae|"|Cryptocephalus marginatus|2
12-14|"Natuurhistorisch museum Enschede | Coleoptera | 2963-2998 | Chrysomelidae|"|Cryptocephalus pini|1
12-14|"Natuurhistorisch museum Enschede | Coleoptera | 2963-2998 | Chrysomelidae|"|Cryptocephalus moraei|9
12-14|"Natuurhistorisch museum Enschede | Coleoptera | 2963-2998 | Chrysomelidae|"|Cryptocephalus crassus|2
12-14|"Natuurhistorisch museum Enschede | Coleoptera | 2963-2998 | Chrysomelidae|"|Cryptocephalus flavipes|1
12-14|"Natuurhistorisch museum Enschede | Coleoptera | 2963-2998 | Chrysomelidae|"|Cryptocephalus vittatus|1
12-14|"Natuurhistorisch museum Enschede | Coleoptera | 2963-2998 | Chrysomelidae|"|Cryptocephalus ocellatus|4
12-14|"Natuurhistorisch museum Enschede | Coleoptera | 2963-2998 | Chrysomelidae|"|Cryptocephalus labiatus|1
12-14|"Natuurhistorisch museum Enschede | Coleoptera | 2963-2998 | Chrysomelidae|"|Cryptocephalus pygmaeus|1
12-14|"Natuurhistorisch museum Enschede | Coleoptera | 2963-2998 | Chrysomelidae|"|Cryptocephalus fulvus|1
12-14|"Natuurhistorisch museum Enschede | Coleoptera | 2963-2998 | Chrysomelidae|"|Cryptocephalus pusillus|1
12-14|"Natuurhistorisch museum Enschede | Coleoptera | 2963-2998 | Chrysomelidae|"|Cryptocephalus rufipes|1
12-14|"Natuurhistorisch museum Enschede | Coleoptera | 2963-2998 | Chrysomelidae|"|Bromius obscurus|12
12-14|"Natuurhistorisch museum Enschede | Coleoptera | 2963-2998 | Chrysomelidae|"|Pachnephorus pilosus|4
12-14|"Natuurhistorisch museum Enschede | Coleoptera | 2963-2998 | Chrysomelidae|"|NN NN|1
12-13|"Natuurhistorisch museum Enschede | Coleoptera | 2375-2446 |"|Stilbus testaceus|2
12-13|"Natuurhistorisch museum Enschede | Coleoptera | 2375-2446 |"|Stilbus oblingus|2
12-13|"Natuurhistorisch museum Enschede | Coleoptera | 2375-2446 |"|Lathridius lardarius|6
12-13|"Natuurhistorisch museum Enschede | Coleoptera | 2375-2446 |"|Lathridius nodifer|3
12-13|"Natuurhistorisch museum Enschede | Coleoptera | 2375-2446 |"|Enicmus minutus|2
12-13|"Natuurhistorisch museum Enschede | Coleoptera | 2375-2446 |"|Enicmus transversus|5
12-13|"Natuurhistorisch museum Enschede | Coleoptera | 2375-2446 |"|Cartodere elongata|4
12-13|"Natuurhistorisch museum Enschede | Coleoptera | 2375-2446 |"|Cartodere ruficollis|3
12-13|"Natuurhistorisch museum Enschede | Coleoptera | 2375-2446 |"|Corticarina gibbosa|12
12-13|"Natuurhistorisch museum Enschede | Coleoptera | 2375-2446 |"|Corticarina fuscula|2
12-13|"Natuurhistorisch museum Enschede | Coleoptera | 2375-2446 |"|Litargus connexus|10
12-13|"Natuurhistorisch museum Enschede | Coleoptera | 2375-2446 |"|Mycetophagus quadripustulatus|1
12-13|"Natuurhistorisch museum Enschede | Coleoptera | 2375-2446 |"|Mycetophagus atomarius|7
12-13|"Natuurhistorisch museum Enschede | Coleoptera | 2375-2446 |"|Mycetophagus multipunctatus|3
12-13|"Natuurhistorisch museum Enschede | Coleoptera | 2375-2446 |"|Typhaea stercorea|1
12-15|"Natuurhistorisch museum Enschede | Coleoptera | 3046-3102 | Chrysomelidae"|Phyllodecta vulgatissima|7
12-15|"Natuurhistorisch museum Enschede | Coleoptera | 3046-3102 | Chrysomelidae"|Phyllodecta laticollis|4
12-15|"Natuurhistorisch museum Enschede | Coleoptera | 3046-3102 | Chrysomelidae"|Phyllodecta vitellinea|2
12-15|"Natuurhistorisch museum Enschede | Coleoptera | 3046-3102 | Chrysomelidae"|Timarcha tenebricosa|6
12-15|"Natuurhistorisch museum Enschede | Coleoptera | 3046-3102 | Chrysomelidae"|Timarcha coriaria|6
12-15|"Natuurhistorisch museum Enschede | Coleoptera | 3046-3102 | Chrysomelidae"|Galerucella nymphaeae|2
12-15|"Natuurhistorisch museum Enschede | Coleoptera | 3046-3102 | Chrysomelidae"|Galeruca tanaceti|5
12-15|"Natuurhistorisch museum Enschede | Coleoptera | 3046-3102 | Chrysomelidae"|Galeruca pomonae|2
12-15|"Natuurhistorisch museum Enschede | Coleoptera | 3046-3102 | Chrysomelidae"|Lochamea crataegi|3
12-15|"Natuurhistorisch museum Enschede | Coleoptera | 3046-3102 | Chrysomelidae"|Phyllobrotica quadrimaculata|15
12-15|"Natuurhistorisch museum Enschede | Coleoptera | 3046-3102 | Chrysomelidae"|Luperus circumfusus|1
12-15|"Natuurhistorisch museum Enschede | Coleoptera | 3046-3102 | Chrysomelidae"|Luperus longicornis|5
12-15|"Natuurhistorisch museum Enschede | Coleoptera | 3046-3102 | Chrysomelidae"|Luperus flavipes|3
12-15|"Natuurhistorisch museum Enschede | Coleoptera | 3046-3102 | Chrysomelidae"|Agelastica alni|4
12-15|"Natuurhistorisch museum Enschede | Coleoptera | 3046-3102 | Chrysomelidae"|Sermila halensis|10
12-15|"Natuurhistorisch museum Enschede | Coleoptera | 3046-3102 | Chrysomelidae"|Phyliotreta vittula|1
12-15|"Natuurhistorisch museum Enschede | Coleoptera | 3046-3102 | Chrysomelidae"|Phyliotreta tetrastigma a. dilata|2
12-15|"Natuurhistorisch museum Enschede | Coleoptera | 3046-3102 | Chrysomelidae"|Phyliotreta vittata|1
12-15|"Natuurhistorisch museum Enschede | Coleoptera | 3046-3102 | Chrysomelidae"|Phyliotreta nemorum|5
12-15|"Natuurhistorisch museum Enschede | Coleoptera | 3046-3102 | Chrysomelidae"|Phyliotreta undulata|5
12-15|"Natuurhistorisch museum Enschede | Coleoptera | 3046-3102 | Chrysomelidae"|Phyliotreta atra|2
12-15|"Natuurhistorisch museum Enschede | Coleoptera | 3046-3102 | Chrysomelidae"|Phyliotreta nigripes|3
12-15|"Natuurhistorisch museum Enschede | Coleoptera | 3046-3102 | Chrysomelidae"|Apthona violacea|4
12-15|"Natuurhistorisch museum Enschede | Coleoptera | 3046-3102 | Chrysomelidae"|Apthona coerulea|7
12-16|"Natuurhistorisch museum Enschede | Coleoptera | 2917-2962 | Chrysomelidae"|Macroplea mutica|1
12-16|"Natuurhistorisch museum Enschede | Coleoptera | 2917-2962 | Chrysomelidae"|Donacia clavipes|8
12-16|"Natuurhistorisch museum Enschede | Coleoptera | 2917-2962 | Chrysomelidae"|Donacia appendiculata|2
12-16|"Natuurhistorisch museum Enschede | Coleoptera | 2917-2962 | Chrysomelidae"|Donacia crassipes|1
12-16|"Natuurhistorisch museum Enschede | Coleoptera | 2917-2962 | Chrysomelidae"|Donacia dentata|4
12-16|"Natuurhistorisch museum Enschede | Coleoptera | 2917-2962 | Chrysomelidae"|Donacia versicolorea|4
12-16|"Natuurhistorisch museum Enschede | Coleoptera | 2917-2962 | Chrysomelidae"|Donacia semicuprea|10
12-16|"Natuurhistorisch museum Enschede | Coleoptera | 2917-2962 | Chrysomelidae"|Donacia sparganii|8
12-16|"Natuurhistorisch museum Enschede | Coleoptera | 2917-2962 | Chrysomelidae"|Donacia aquatica|1
12-16|"Natuurhistorisch museum Enschede | Coleoptera | 2917-2962 | Chrysomelidae"|Donacia impressa|2
12-16|"Natuurhistorisch museum Enschede | Coleoptera | 2917-2962 | Chrysomelidae"|Donacia brevicornis|1
12-16|"Natuurhistorisch museum Enschede | Coleoptera | 2917-2962 | Chrysomelidae"|Donacia marginata|9
12-16|"Natuurhistorisch museum Enschede | Coleoptera | 2917-2962 | Chrysomelidae"|Donacia bicolora|1
12-16|"Natuurhistorisch museum Enschede | Coleoptera | 2917-2962 | Chrysomelidae"|Donacia thalassina|2
12-16|"Natuurhistorisch museum Enschede | Coleoptera | 2917-2962 | Chrysomelidae"|Donacia vulgaris|3
12-16|"Natuurhistorisch museum Enschede | Coleoptera | 2917-2962 | Chrysomelidae"|Donacia simplex|3
12-16|"Natuurhistorisch museum Enschede | Coleoptera | 2917-2962 | Chrysomelidae"|Donacia cinerea|8
12-16|"Natuurhistorisch museum Enschede | Coleoptera | 2917-2962 | Chrysomelidae"|Plateumaris sericea|11
12-16|"Natuurhistorisch museum Enschede | Coleoptera | 2917-2962 | Chrysomelidae"|Plateumaris braccata|8
12-16|"Natuurhistorisch museum Enschede | Coleoptera | 2917-2962 | Chrysomelidae"|Plateumaris consimilis|3
12-16|"Natuurhistorisch museum Enschede | Coleoptera | 2917-2962 | Chrysomelidae"|Plateumaris rustica|9
12-16|"Natuurhistorisch museum Enschede | Coleoptera | 2917-2962 | Chrysomelidae"|Orsodacne cerasi|1
12-16|"Natuurhistorisch museum Enschede | Coleoptera | 2917-2962 | Chrysomelidae"|Zeugophora subspinosa|10
12-16|"Natuurhistorisch museum Enschede | Coleoptera | 2917-2962 | Chrysomelidae"|Zeugophora flavicollis|9
12-16|"Natuurhistorisch museum Enschede | Coleoptera | 2917-2962 | Chrysomelidae"|Lema cyanella|1
12-16|"Natuurhistorisch museum Enschede | Coleoptera | 2917-2962 | Chrysomelidae"|Lema melanopus|12
12-16|"Natuurhistorisch museum Enschede | Coleoptera | 2917-2962 | Chrysomelidae"|Crioceris 12-punctata|12
12-16|"Natuurhistorisch museum Enschede | Coleoptera | 2917-2962 | Chrysomelidae"|Crioceris asparagi|15
12-16|"Natuurhistorisch museum Enschede | Coleoptera | 2917-2962 | Chrysomelidae"|Crioceris filii|8
12-16|"Natuurhistorisch museum Enschede | Coleoptera | 2917-2962 | Chrysomelidae"|Crioceris merdigera|5
12-16|"Natuurhistorisch museum Enschede | Coleoptera | 2917-2962 | Chrysomelidae"|Labidostomis longimana|3
12-16|"Natuurhistorisch museum Enschede | Coleoptera | 2917-2962 | Chrysomelidae"|Lachnea xx5|5
12-16|"Natuurhistorisch museum Enschede | Coleoptera | 2917-2962 | Chrysomelidae"|Clytra quadripunctata|8
12-16|"Natuurhistorisch museum Enschede | Coleoptera | 2917-2962 | Chrysomelidae"|Clytra laeviuscula|1
13-09||Dytiscus marginalis|27
13-09||Dytiscus circumcinctus|1
13-09||Dytiscus circumflexus|4
13-09||Dytiscus lapponicus|4
13-09||Cybister lateralimarginatus|7
13-09||Aulonogyrus concinnus|3
13-09||Aulonogyrus striatus|3
13-09||Gyrinus minutus|6
13-09||Gyrinus aeratus|18
13-09||Gyrinus marinus|23
13-09||Gyrinus distinctus|3
13-09||Gyrinus substriatus|49
13-09||Gyrinus natator|15
13-09||Gyrinus urinator|19
13-09||Gyrinus suffriani|3
13-09||Gyrinus caspius|8
13-09||Gyrinus paykulli|4
13-09||Gyrinus opacus|1
13-09||Gyrinus dejeani|8
13-09||Gyrinus striolatus|3
13-09||Gyrinus mergus|1
13-09||Orectochilus villosus|5
13-09||Rhysodes sulcatus|3
13-09||Omoglymmius germari|2
13-09||Clinidium trisulcatum|1
13-09||Hydraena palustris|8
13-09||Hydraena britteni|8
13-09||Hydraena riparia|2
13-09||Hydraena melas|2
13-09||Hydraena nigrita|1
13-09||Hydraena subjuncta|2
13-09||Hydraena subimpressa|2
13-09||Hydraena pygmaea|3
13-09||Hydraena pulchella|2
13-09||Hydraena lapidicola|3
13-09||Hydraena excisa|4
13-09||Hydraena gracilis|24
13-09||Hydraena belgica|3
13-09||Hydraena saga|3
13-09||Hydraena truncata|2
13-09||Hydraena polita|1
13-09||Hydraena dentipes|3
13-09||Hydraena grandis|2
13-10|Lastige naamgeving; voorlopig NON DET.|NN NN|13
13-11|Lastige naamgeving; voorlopig NON DET.|NN NN|352
13-12|Lastige naamgeving; voorlopig NON DET.|NN NN|1000
13-13||NN 800|1
Stronkhorst box 03|BR2025.86 Bruikleen Erik Stronkhorst Box 3 Carabidae. Niet op naam gebracht, alleen (globale) vindplaats aangegeven. Deze box veel uit Afrika|NN NN|139
Stronkhorst box 02|BR2025.86 Bruikleen Erik Stronkhorst Box 2 Carabidae|Cypholoba spec.|1
Stronkhorst box 02|BR2025.86 Bruikleen Erik Stronkhorst Box 2 Carabidae|Cypholoba gracilis|4
Stronkhorst box 02|BR2025.86 Bruikleen Erik Stronkhorst Box 2 Carabidae|Cypholoba graphipteroidea|13
Stronkhorst box 02|BR2025.86 Bruikleen Erik Stronkhorst Box 2 Carabidae|Anthia cintipennis|13
Stronkhorst box 02|BR2025.86 Bruikleen Erik Stronkhorst Box 2 Carabidae|Campalita chlorostictum|5
Stronkhorst box 02|BR2025.86 Bruikleen Erik Stronkhorst Box 2 Carabidae|NN NN|4
Stronkhorst box 02|BR2025.86 Bruikleen Erik Stronkhorst Box 2 Carabidae|Thermophilum galla|9
Stronkhorst box 02|BR2025.86 Bruikleen Erik Stronkhorst Box 2 Carabidae|Thermophilum spec.|4
Stronkhorst box 02|BR2025.86 Bruikleen Erik Stronkhorst Box 2 Carabidae|Anthia circumscripta|12
Stronkhorst box 02|BR2025.86 Bruikleen Erik Stronkhorst Box 2 Carabidae|Anthia cinctipennis|7
Stronkhorst box 02|BR2025.86 Bruikleen Erik Stronkhorst Box 2 Carabidae|Anthia spec.|16
Stronkhorst box 02|BR2025.86 Bruikleen Erik Stronkhorst Box 2 Carabidae|Cypholoba caillaudi|13
Stronkhorst box 02|BR2025.86 Bruikleen Erik Stronkhorst Box 2 Carabidae|Anthia thoracia|5
Stronkhorst box 01|BR2025.86 Bruikleen Erik Stronkhorst Box 1. Buprestidae|Polycestina quatuordecimmaculata|1
Stronkhorst box 01|BR2025.86 Bruikleen Erik Stronkhorst Box 1. Buprestidae|Casteliella laesicollis|1
Stronkhorst box 01|BR2025.86 Bruikleen Erik Stronkhorst Box 1. Buprestidae|NN NN|6
Stronkhorst box 01|BR2025.86 Bruikleen Erik Stronkhorst Box 1. Buprestidae|Phlocteis exasperata|2
Stronkhorst box 01|BR2025.86 Bruikleen Erik Stronkhorst Box 1. Buprestidae|NN NN|3
Stronkhorst box 01|BR2025.86 Bruikleen Erik Stronkhorst Box 1. Buprestidae|NN NN|1
Stronkhorst box 01|BR2025.86 Bruikleen Erik Stronkhorst Box 1. Buprestidae|Sternocera orissa|4
Stronkhorst box 01|BR2025.86 Bruikleen Erik Stronkhorst Box 1. Buprestidae|NN NN|10
Stronkhorst box 01|BR2025.86 Bruikleen Erik Stronkhorst Box 1. Buprestidae|NN NN|1
Stronkhorst box 01|BR2025.86 Bruikleen Erik Stronkhorst Box 1. Buprestidae|NN NN|1
Stronkhorst box 01|BR2025.86 Bruikleen Erik Stronkhorst Box 1. Buprestidae|NN NN|7
Stronkhorst box 01|BR2025.86 Bruikleen Erik Stronkhorst Box 1. Buprestidae|NN NN|1
Stronkhorst box 01|BR2025.86 Bruikleen Erik Stronkhorst Box 1. Buprestidae|NN NN|1
Stronkhorst box 01|BR2025.86 Bruikleen Erik Stronkhorst Box 1. Buprestidae|NN NN|3
Stronkhorst box 01|BR2025.86 Bruikleen Erik Stronkhorst Box 1. Buprestidae|NN NN|4
Stronkhorst box 01|BR2025.86 Bruikleen Erik Stronkhorst Box 1. Buprestidae|NN NN|1
Stronkhorst box 01|BR2025.86 Bruikleen Erik Stronkhorst Box 1. Buprestidae|NN NN|1
Stronkhorst box 01|BR2025.86 Bruikleen Erik Stronkhorst Box 1. Buprestidae|NN NN|1
Stronkhorst box 01|BR2025.86 Bruikleen Erik Stronkhorst Box 1. Buprestidae|Psiloptera vana|1
Stronkhorst box 01|BR2025.86 Bruikleen Erik Stronkhorst Box 1. Buprestidae|Steraspis spec.|1
Stronkhorst box 01|BR2025.86 Bruikleen Erik Stronkhorst Box 1. Buprestidae|NN NN|2
Stronkhorst box 01|BR2025.86 Bruikleen Erik Stronkhorst Box 1. Buprestidae|NN NN|10
Stronkhorst box 01|BR2025.86 Bruikleen Erik Stronkhorst Box 1. Buprestidae|NN NN|5
Stronkhorst box 01|BR2025.86 Bruikleen Erik Stronkhorst Box 1. Buprestidae|NN NN|6
Stronkhorst box 01|BR2025.86 Bruikleen Erik Stronkhorst Box 1. Buprestidae|Evides pubiventris|4
Stronkhorst box 01|BR2025.86 Bruikleen Erik Stronkhorst Box 1. Buprestidae|NN NN|2
Stronkhorst box 01|BR2025.86 Bruikleen Erik Stronkhorst Box 1. Buprestidae|NN NN|2
Stronkhorst box 01|BR2025.86 Bruikleen Erik Stronkhorst Box 1. Buprestidae|NN NN|1
Stronkhorst box 01|BR2025.86 Bruikleen Erik Stronkhorst Box 1. Buprestidae|Psiloptera spec.|1
Stronkhorst box 01|BR2025.86 Bruikleen Erik Stronkhorst Box 1. Buprestidae|NN NN|1
Stronkhorst box 01|BR2025.86 Bruikleen Erik Stronkhorst Box 1. Buprestidae|Angelia peteli|3
Stronkhorst box 01|BR2025.86 Bruikleen Erik Stronkhorst Box 1. Buprestidae|Chrysochroa lepida|5
Stronkhorst box 01|BR2025.86 Bruikleen Erik Stronkhorst Box 1. Buprestidae|NN NN|12
Stronkhorst box 01|BR2025.86 Bruikleen Erik Stronkhorst Box 1. Buprestidae|Strenocera orissa variabilis|8
Stronkhorst box 01|BR2025.86 Bruikleen Erik Stronkhorst Box 1. Buprestidae|Strenocera orissa orissa|10
Stronkhorst box 04|BR2025.86 Bruikleen Erik Stronkhorst Box 4 Cerambycidae|Ceroplesis NNN|4
Stronkhorst box 04|BR2025.86 Bruikleen Erik Stronkhorst Box 4 Cerambycidae|Ceroplesis bicincta|2
Stronkhorst box 04|BR2025.86 Bruikleen Erik Stronkhorst Box 4 Cerambycidae|Ceroplesis spec.|6
Stronkhorst box 04|BR2025.86 Bruikleen Erik Stronkhorst Box 4 Cerambycidae|NN NN|1
Stronkhorst box 04|BR2025.86 Bruikleen Erik Stronkhorst Box 4 Cerambycidae|Laziopezus sp.|4
Stronkhorst box 04|BR2025.86 Bruikleen Erik Stronkhorst Box 4 Cerambycidae|NN NN|1
Stronkhorst box 04|BR2025.86 Bruikleen Erik Stronkhorst Box 4 Cerambycidae|NN NN|1
Stronkhorst box 04|BR2025.86 Bruikleen Erik Stronkhorst Box 4 Cerambycidae|NN NN|3
Stronkhorst box 04|BR2025.86 Bruikleen Erik Stronkhorst Box 4 Cerambycidae|NN NN|5
Stronkhorst box 04|BR2025.86 Bruikleen Erik Stronkhorst Box 4 Cerambycidae|NN NN|1
Stronkhorst box 04|BR2025.86 Bruikleen Erik Stronkhorst Box 4 Cerambycidae|NN NN|1
Stronkhorst box 04|BR2025.86 Bruikleen Erik Stronkhorst Box 4 Cerambycidae|Jamuronus spec.|3
Stronkhorst box 04|BR2025.86 Bruikleen Erik Stronkhorst Box 4 Cerambycidae|NN NN|1
Stronkhorst box 04|BR2025.86 Bruikleen Erik Stronkhorst Box 4 Cerambycidae|NN NN|1
Stronkhorst box 04|BR2025.86 Bruikleen Erik Stronkhorst Box 4 Cerambycidae|Zographus niveisparsus|1
Stronkhorst box 04|BR2025.86 Bruikleen Erik Stronkhorst Box 4 Cerambycidae|Prosopocera lactatori|1
Stronkhorst box 04|BR2025.86 Bruikleen Erik Stronkhorst Box 4 Cerambycidae|NN NN|1
Stronkhorst box 04|BR2025.86 Bruikleen Erik Stronkhorst Box 4 Cerambycidae|NN NN|1
Stronkhorst box 04|BR2025.86 Bruikleen Erik Stronkhorst Box 4 Cerambycidae|NN NN|1
Stronkhorst box 04|BR2025.86 Bruikleen Erik Stronkhorst Box 4 Cerambycidae|NN NN|1
Stronkhorst box 04|BR2025.86 Bruikleen Erik Stronkhorst Box 4 Cerambycidae|NN NN|13
Stronkhorst box 04|BR2025.86 Bruikleen Erik Stronkhorst Box 4 Cerambycidae|NN NN|1
Stronkhorst box 04|BR2025.86 Bruikleen Erik Stronkhorst Box 4 Cerambycidae|NN NN|2
Stronkhorst box 04|BR2025.86 Bruikleen Erik Stronkhorst Box 4 Cerambycidae|NN NN|4
Stronkhorst box 04|BR2025.86 Bruikleen Erik Stronkhorst Box 4 Cerambycidae|NN NN|1
Stronkhorst box 04|BR2025.86 Bruikleen Erik Stronkhorst Box 4 Cerambycidae|NN NN|1
Stronkhorst box 04|BR2025.86 Bruikleen Erik Stronkhorst Box 4 Cerambycidae|Phyllocnema latipes|2
Stronkhorst box 04|BR2025.86 Bruikleen Erik Stronkhorst Box 4 Cerambycidae|NN NN|1
Stronkhorst box 04|BR2025.86 Bruikleen Erik Stronkhorst Box 4 Cerambycidae|NN NN|1
Stronkhorst box 04|BR2025.86 Bruikleen Erik Stronkhorst Box 4 Cerambycidae|NN NN|1
Stronkhorst box 04|BR2025.86 Bruikleen Erik Stronkhorst Box 4 Cerambycidae|NN NN|3
Stronkhorst box 05|BR2025.86 Bruikleen Erik Stronkhorst Box 5 Cerambycidae|NN NN|3
Stronkhorst box 05|BR2025.86 Bruikleen Erik Stronkhorst Box 5 Cerambycidae|NN NN|1
Stronkhorst box 05|BR2025.86 Bruikleen Erik Stronkhorst Box 5 Cerambycidae|Rhynoncus perpendicularis|1
Stronkhorst box 05|BR2025.86 Bruikleen Erik Stronkhorst Box 5 Cerambycidae|Rhynoncus bruchoides|2
Stronkhorst box 05|BR2025.86 Bruikleen Erik Stronkhorst Box 5 Cerambycidae|Cidnorhinus sp.|1
Stronkhorst box 05|BR2025.86 Bruikleen Erik Stronkhorst Box 5 Cerambycidae|NN NN|1
Stronkhorst box 05|BR2025.86 Bruikleen Erik Stronkhorst Box 5 Cerambycidae|Ceuterorhynchus alliazrae|1
Stronkhorst box 05|BR2025.86 Bruikleen Erik Stronkhorst Box 5 Cerambycidae|Ceuterorhynchus assimilis|1
Stronkhorst box 05|BR2025.86 Bruikleen Erik Stronkhorst Box 5 Cerambycidae|NN NN|4
Stronkhorst box 05|BR2025.86 Bruikleen Erik Stronkhorst Box 5 Cerambycidae|NN NN|3
Stronkhorst box 05|BR2025.86 Bruikleen Erik Stronkhorst Box 5 Cerambycidae|NN NN|1
Stronkhorst box 05|BR2025.86 Bruikleen Erik Stronkhorst Box 5 Cerambycidae|NN NN|1
Stronkhorst box 05|BR2025.86 Bruikleen Erik Stronkhorst Box 5 Cerambycidae|Drepanocerus freyi|4
Stronkhorst box 05|BR2025.86 Bruikleen Erik Stronkhorst Box 5 Cerambycidae|NN NN|4
Stronkhorst box 05|BR2025.86 Bruikleen Erik Stronkhorst Box 5 Cerambycidae|NN NN|8
Stronkhorst box 05|BR2025.86 Bruikleen Erik Stronkhorst Box 5 Cerambycidae|NN NN|1
Stronkhorst box 05|BR2025.86 Bruikleen Erik Stronkhorst Box 5 Cerambycidae|NN NN|1
Stronkhorst box 06|BR2025.86 Bruikleen Erik Stronkhorst Box 6 Curculionidae|NN NN|1
Stronkhorst box 06|BR2025.86 Bruikleen Erik Stronkhorst Box 6 Curculionidae|NN NN|1
Stronkhorst box 06|BR2025.86 Bruikleen Erik Stronkhorst Box 6 Curculionidae|NN NN|2
Stronkhorst box 06|BR2025.86 Bruikleen Erik Stronkhorst Box 6 Curculionidae|NN NN|1
Stronkhorst box 06|BR2025.86 Bruikleen Erik Stronkhorst Box 6 Curculionidae|NN NN|1
Stronkhorst box 06|BR2025.86 Bruikleen Erik Stronkhorst Box 6 Curculionidae|NN NN|6
Stronkhorst box 06|BR2025.86 Bruikleen Erik Stronkhorst Box 6 Curculionidae|NN NN|1
Stronkhorst box 06|BR2025.86 Bruikleen Erik Stronkhorst Box 6 Curculionidae|NN NN|3
Stronkhorst box 06|BR2025.86 Bruikleen Erik Stronkhorst Box 6 Curculionidae|NN NN|1
Stronkhorst box 06|BR2025.86 Bruikleen Erik Stronkhorst Box 6 Curculionidae|NN NN|1
Stronkhorst box 06|BR2025.86 Bruikleen Erik Stronkhorst Box 6 Curculionidae|NN NN|1
Stronkhorst box 06|BR2025.86 Bruikleen Erik Stronkhorst Box 6 Curculionidae|Brachycerus cf dorsomaculatus|2
Stronkhorst box 06|BR2025.86 Bruikleen Erik Stronkhorst Box 6 Curculionidae|NN NN|2
Stronkhorst box 06|BR2025.86 Bruikleen Erik Stronkhorst Box 6 Curculionidae|NN NN|27
Stronkhorst box 06|BR2025.86 Bruikleen Erik Stronkhorst Box 6 Curculionidae|NN NN|2
Stronkhorst box 06|BR2025.86 Bruikleen Erik Stronkhorst Box 6 Curculionidae|NN NN|1
Stronkhorst box 06|BR2025.86 Bruikleen Erik Stronkhorst Box 6 Curculionidae|NN NN|1
Stronkhorst box 06|BR2025.86 Bruikleen Erik Stronkhorst Box 6 Curculionidae|NN NN|2
Stronkhorst box 06|BR2025.86 Bruikleen Erik Stronkhorst Box 6 Curculionidae|NN NN|1
Stronkhorst box 06|BR2025.86 Bruikleen Erik Stronkhorst Box 6 Curculionidae|NN NN|1
Stronkhorst box 06|BR2025.86 Bruikleen Erik Stronkhorst Box 6 Curculionidae|NN NN|5
Stronkhorst box 06|BR2025.86 Bruikleen Erik Stronkhorst Box 6 Curculionidae|NN NN|1
Stronkhorst box 06|BR2025.86 Bruikleen Erik Stronkhorst Box 6 Curculionidae|NN NN|1
Stronkhorst box 06|BR2025.86 Bruikleen Erik Stronkhorst Box 6 Curculionidae|NN NN|6
Stronkhorst box 06|BR2025.86 Bruikleen Erik Stronkhorst Box 6 Curculionidae|NN NN|9
Stronkhorst box 06|BR2025.86 Bruikleen Erik Stronkhorst Box 6 Curculionidae|NN NN|6
Stronkhorst box 06|BR2025.86 Bruikleen Erik Stronkhorst Box 6 Curculionidae|Rhynchophorus phoenicis|1
Stronkhorst box 06|BR2025.86 Bruikleen Erik Stronkhorst Box 6 Curculionidae|Rhynchophorus palmarum|3
Stronkhorst box 06|BR2025.86 Bruikleen Erik Stronkhorst Box 6 Curculionidae|NN NN|2
Stronkhorst box 06|BR2025.86 Bruikleen Erik Stronkhorst Box 6 Curculionidae|NN NN|1
Stronkhorst box 06|BR2025.86 Bruikleen Erik Stronkhorst Box 6 Curculionidae|NN NN|8
Stronkhorst box 06|BR2025.86 Bruikleen Erik Stronkhorst Box 6 Curculionidae|Polyclaeis equestris|9
Stronkhorst box 06|BR2025.86 Bruikleen Erik Stronkhorst Box 6 Curculionidae|NN NN|6
Stronkhorst box 06|BR2025.86 Bruikleen Erik Stronkhorst Box 6 Curculionidae|Hipporrhinus spec.|1
Stronkhorst box 06|BR2025.86 Bruikleen Erik Stronkhorst Box 6 Curculionidae|NN NN|10
Stronkhorst box 06|BR2025.86 Bruikleen Erik Stronkhorst Box 6 Curculionidae|NN NN|3
Stronkhorst box 06|BR2025.86 Bruikleen Erik Stronkhorst Box 6 Curculionidae|NN NN|11
Stronkhorst box 06|BR2025.86 Bruikleen Erik Stronkhorst Box 6 Curculionidae|NN NN|1
Stronkhorst box 06|BR2025.86 Bruikleen Erik Stronkhorst Box 6 Curculionidae|NN NN|1
Stronkhorst box 06|BR2025.86 Bruikleen Erik Stronkhorst Box 6 Curculionidae|NN NN|8
Stronkhorst box 06|BR2025.86 Bruikleen Erik Stronkhorst Box 6 Curculionidae|Brachycerus cf congestus|1
Stronkhorst box 06|BR2025.86 Bruikleen Erik Stronkhorst Box 6 Curculionidae|NN NN|1
Stronkhorst box 07|BR2025.86 Bruikleen Erik Stronkhorst Box 7 Lucanidae, Trogidae & Geotrupidae|NN NN|10
Stronkhorst box 07|BR2025.86 Bruikleen Erik Stronkhorst Box 7 Lucanidae, Trogidae & Geotrupidae|NN NN|6
Stronkhorst box 07|BR2025.86 Bruikleen Erik Stronkhorst Box 7 Lucanidae, Trogidae & Geotrupidae|NN NN|8
Stronkhorst box 07|BR2025.86 Bruikleen Erik Stronkhorst Box 7 Lucanidae, Trogidae & Geotrupidae|NN NN|6
Stronkhorst box 07|BR2025.86 Bruikleen Erik Stronkhorst Box 7 Lucanidae, Trogidae & Geotrupidae|NN NN|15
Stronkhorst box 08|BR2025.86 Bruikleen Erik Stronkhorst Box 8 Scarabaeidae subfamilie Cetoniiae|Rhabdotis aulica|4
Stronkhorst box 08|BR2025.86 Bruikleen Erik Stronkhorst Box 8 Scarabaeidae subfamilie Cetoniiae|Rhabdotis semipunctata|2
Stronkhorst box 08|BR2025.86 Bruikleen Erik Stronkhorst Box 8 Scarabaeidae subfamilie Cetoniiae|Rhabdotis intermedia|1
Stronkhorst box 08|BR2025.86 Bruikleen Erik Stronkhorst Box 8 Scarabaeidae subfamilie Cetoniiae|Rhabdotis sobrins|1
Stronkhorst box 08|BR2025.86 Bruikleen Erik Stronkhorst Box 8 Scarabaeidae subfamilie Cetoniiae|Annisorrhina umbonata|5
Stronkhorst box 08|BR2025.86 Bruikleen Erik Stronkhorst Box 8 Scarabaeidae subfamilie Cetoniiae|Diplognatha striata|2
Stronkhorst box 08|BR2025.86 Bruikleen Erik Stronkhorst Box 8 Scarabaeidae subfamilie Cetoniiae|Porphyronota hebrea|15
Stronkhorst box 08|BR2025.86 Bruikleen Erik Stronkhorst Box 8 Scarabaeidae subfamilie Cetoniiae|Diplognatha gagates silicea|3
Stronkhorst box 08|BR2025.86 Bruikleen Erik Stronkhorst Box 8 Scarabaeidae subfamilie Cetoniiae|Pachnodella impressa|9
Stronkhorst box 08|BR2025.86 Bruikleen Erik Stronkhorst Box 8 Scarabaeidae subfamilie Cetoniiae|NN NN|1
Stronkhorst box 08|BR2025.86 Bruikleen Erik Stronkhorst Box 8 Scarabaeidae subfamilie Cetoniiae|NN NN|1
Stronkhorst box 08|BR2025.86 Bruikleen Erik Stronkhorst Box 8 Scarabaeidae subfamilie Cetoniiae|Annisorrhina flavomaculata flavomaculata|1
Stronkhorst box 08|BR2025.86 Bruikleen Erik Stronkhorst Box 8 Scarabaeidae subfamilie Cetoniiae|Porphyronota maculatissima|4
Stronkhorst box 08|BR2025.86 Bruikleen Erik Stronkhorst Box 8 Scarabaeidae subfamilie Cetoniiae|Rhabdotis albinigra|4
Stronkhorst box 08|BR2025.86 Bruikleen Erik Stronkhorst Box 8 Scarabaeidae subfamilie Cetoniiae|NN NN|2
Stronkhorst box 08|BR2025.86 Bruikleen Erik Stronkhorst Box 8 Scarabaeidae subfamilie Cetoniiae|NN NN|3
Stronkhorst box 08|BR2025.86 Bruikleen Erik Stronkhorst Box 8 Scarabaeidae subfamilie Cetoniiae|Mecynorrhina (amoraudes) passerinii|3
Stronkhorst box 08|BR2025.86 Bruikleen Erik Stronkhorst Box 8 Scarabaeidae subfamilie Cetoniiae|Plaesiorrhinella planata|5
Stronkhorst box 08|BR2025.86 Bruikleen Erik Stronkhorst Box 8 Scarabaeidae subfamilie Cetoniiae|Annisorrhina algoensis|11
Stronkhorst box 08|BR2025.86 Bruikleen Erik Stronkhorst Box 8 Scarabaeidae subfamilie Cetoniiae|Cheirolasia burkei|3
Stronkhorst box 08|BR2025.86 Bruikleen Erik Stronkhorst Box 8 Scarabaeidae subfamilie Cetoniiae|Plaesiorrhinella (Chondrorrhina) trivittata|11
Stronkhorst box 08|BR2025.86 Bruikleen Erik Stronkhorst Box 8 Scarabaeidae subfamilie Cetoniiae|Pachnoda picturata|2
Stronkhorst box 08|BR2025.86 Bruikleen Erik Stronkhorst Box 8 Scarabaeidae subfamilie Cetoniiae|Pachnoda sinuata sinuata|3
Stronkhorst box 08|BR2025.86 Bruikleen Erik Stronkhorst Box 8 Scarabaeidae subfamilie Cetoniiae|Pachnoda sinuata calceata|2
Stronkhorst box 08|BR2025.86 Bruikleen Erik Stronkhorst Box 8 Scarabaeidae subfamilie Cetoniiae|Pachnoda sinuata flaviventris|3
Stronkhorst box 09|BR2025.86 Bruikleen Erik Stronkhorst Box 9 Scarabaeidae subfamilie Cetoniiae|Dilichostethus levis|8
Stronkhorst box 09|BR2025.86 Bruikleen Erik Stronkhorst Box 9 Scarabaeidae subfamilie Cetoniiae|Polybaphes baltaeta baltaeta|2
Stronkhorst box 09|BR2025.86 Bruikleen Erik Stronkhorst Box 9 Scarabaeidae subfamilie Cetoniiae|Polybaphes subfasciata|3
Stronkhorst box 09|BR2025.86 Bruikleen Erik Stronkhorst Box 9 Scarabaeidae subfamilie Cetoniiae|Xeloma tomentosa|3
Stronkhorst box 09|BR2025.86 Bruikleen Erik Stronkhorst Box 9 Scarabaeidae subfamilie Cetoniiae|Xeloma maura|1
Stronkhorst box 09|BR2025.86 Bruikleen Erik Stronkhorst Box 9 Scarabaeidae subfamilie Cetoniiae|Xeloma leprosa|10
Stronkhorst box 09|BR2025.86 Bruikleen Erik Stronkhorst Box 9 Scarabaeidae subfamilie Cetoniiae|Anoplocheilus figarutus|3
Stronkhorst box 09|BR2025.86 Bruikleen Erik Stronkhorst Box 9 Scarabaeidae subfamilie Cetoniiae|Amazula suavis|1
Stronkhorst box 09|BR2025.86 Bruikleen Erik Stronkhorst Box 9 Scarabaeidae subfamilie Cetoniiae|Pseudoclinteria cincticollis|1
Stronkhorst box 09|BR2025.86 Bruikleen Erik Stronkhorst Box 9 Scarabaeidae subfamilie Cetoniiae|Dischista cincta|15
Stronkhorst box 09|BR2025.86 Bruikleen Erik Stronkhorst Box 9 Scarabaeidae subfamilie Cetoniiae|Paleopragma spec.|1
Stronkhorst box 09|BR2025.86 Bruikleen Erik Stronkhorst Box 9 Scarabaeidae subfamilie Cetoniiae|Polystalactica furfurosa|1
Stronkhorst box 09|BR2025.86 Bruikleen Erik Stronkhorst Box 9 Scarabaeidae subfamilie Cetoniiae|Tephrea leucomelona|4
Stronkhorst box 09|BR2025.86 Bruikleen Erik Stronkhorst Box 9 Scarabaeidae subfamilie Cetoniiae|Tephrea dichroa|2
Stronkhorst box 09|BR2025.86 Bruikleen Erik Stronkhorst Box 9 Scarabaeidae subfamilie Cetoniiae|Tephrea simonsi|3
Stronkhorst box 09|BR2025.86 Bruikleen Erik Stronkhorst Box 9 Scarabaeidae subfamilie Cetoniiae|Tephrea morosa|15
Stronkhorst box 09|BR2025.86 Bruikleen Erik Stronkhorst Box 9 Scarabaeidae subfamilie Cetoniiae|Dischista rufa|8
Stronkhorst box 09|BR2025.86 Bruikleen Erik Stronkhorst Box 9 Scarabaeidae subfamilie Cetoniiae|Anelaphinis rhodesiana|6
Stronkhorst box 09|BR2025.86 Bruikleen Erik Stronkhorst Box 9 Scarabaeidae subfamilie Cetoniiae|Niphetophora carneola|1
Stronkhorst box 09|BR2025.86 Bruikleen Erik Stronkhorst Box 9 Scarabaeidae subfamilie Cetoniiae|Atrichelaphinis tigrina|13
Stronkhorst box 10|BR2025.86 Bruikleen Erik Stronkhorst Box 10 Scarabaeidae subfamilie Cetoniiae|NN NN|1
Stronkhorst box 10|BR2025.86 Bruikleen Erik Stronkhorst Box 10 Scarabaeidae subfamilie Cetoniiae|NN NN|1
Stronkhorst box 10|BR2025.86 Bruikleen Erik Stronkhorst Box 10 Scarabaeidae subfamilie Cetoniiae|NN NN|3
Stronkhorst box 10|BR2025.86 Bruikleen Erik Stronkhorst Box 10 Scarabaeidae subfamilie Cetoniiae|NN NN|3
Stronkhorst box 10|BR2025.86 Bruikleen Erik Stronkhorst Box 10 Scarabaeidae subfamilie Cetoniiae|Mausoleopsis amabilis|8
Stronkhorst box 10|BR2025.86 Bruikleen Erik Stronkhorst Box 10 Scarabaeidae subfamilie Cetoniiae|Leucocelis rubra|8
Stronkhorst box 10|BR2025.86 Bruikleen Erik Stronkhorst Box 10 Scarabaeidae subfamilie Cetoniiae|Clinteroides permutans|14
Stronkhorst box 10|BR2025.86 Bruikleen Erik Stronkhorst Box 10 Scarabaeidae subfamilie Cetoniiae|NN NN|1
Stronkhorst box 10|BR2025.86 Bruikleen Erik Stronkhorst Box 10 Scarabaeidae subfamilie Cetoniiae|Coenochilus sp.|2
Stronkhorst box 10|BR2025.86 Bruikleen Erik Stronkhorst Box 10 Scarabaeidae subfamilie Cetoniiae|NN NN|3
Stronkhorst box 10|BR2025.86 Bruikleen Erik Stronkhorst Box 10 Scarabaeidae subfamilie Cetoniiae|Coenochilus sp.|2
Stronkhorst box 10|BR2025.86 Bruikleen Erik Stronkhorst Box 10 Scarabaeidae subfamilie Cetoniiae|NN NN|1
Stronkhorst box 10|BR2025.86 Bruikleen Erik Stronkhorst Box 10 Scarabaeidae subfamilie Cetoniiae|NN NN|1
Stronkhorst box 10|BR2025.86 Bruikleen Erik Stronkhorst Box 10 Scarabaeidae subfamilie Cetoniiae|Cyrtothyrea marginalis|8
Stronkhorst box 10|BR2025.86 Bruikleen Erik Stronkhorst Box 10 Scarabaeidae subfamilie Cetoniiae|Leucocelis haemorrhoidalis|4
Stronkhorst box 10|BR2025.86 Bruikleen Erik Stronkhorst Box 10 Scarabaeidae subfamilie Cetoniiae|Leucocelis amethystina|12
Stronkhorst box 10|BR2025.86 Bruikleen Erik Stronkhorst Box 10 Scarabaeidae subfamilie Cetoniiae|Discopeltis tricolor|4
Stronkhorst box 10|BR2025.86 Bruikleen Erik Stronkhorst Box 10 Scarabaeidae subfamilie Cetoniiae|Leucocelis viticollis|14
Stronkhorst box 10|BR2025.86 Bruikleen Erik Stronkhorst Box 10 Scarabaeidae subfamilie Cetoniiae|Leucocelis adspersa|3
Stronkhorst box 10|BR2025.86 Bruikleen Erik Stronkhorst Box 10 Scarabaeidae subfamilie Cetoniiae|Leucocelis adspersa|4
Stronkhorst box 10|BR2025.86 Bruikleen Erik Stronkhorst Box 10 Scarabaeidae subfamilie Cetoniiae|Leucocelis aeneicollis|4
Stronkhorst box 10|BR2025.86 Bruikleen Erik Stronkhorst Box 10 Scarabaeidae subfamilie Cetoniiae|NN NN|1
Stronkhorst box 10|BR2025.86 Bruikleen Erik Stronkhorst Box 10 Scarabaeidae subfamilie Cetoniiae|NN NN|1
Stronkhorst box 10|BR2025.86 Bruikleen Erik Stronkhorst Box 10 Scarabaeidae subfamilie Cetoniiae|NN NN|6
Stronkhorst box 10|BR2025.86 Bruikleen Erik Stronkhorst Box 10 Scarabaeidae subfamilie Cetoniiae|NN NN|14
Stronkhorst box 10|BR2025.86 Bruikleen Erik Stronkhorst Box 10 Scarabaeidae subfamilie Cetoniiae|NN NN|2
Stronkhorst box 10|BR2025.86 Bruikleen Erik Stronkhorst Box 10 Scarabaeidae subfamilie Cetoniiae|NN NN|6
Stronkhorst box 10|BR2025.86 Bruikleen Erik Stronkhorst Box 10 Scarabaeidae subfamilie Cetoniiae|NN NN|2
Stronkhorst box 10|BR2025.86 Bruikleen Erik Stronkhorst Box 10 Scarabaeidae subfamilie Cetoniiae|NN NN|1
Stronkhorst box 10|BR2025.86 Bruikleen Erik Stronkhorst Box 10 Scarabaeidae subfamilie Cetoniiae|Phoxomela umbrosa alessandrinii|6
Stronkhorst box 10|BR2025.86 Bruikleen Erik Stronkhorst Box 10 Scarabaeidae subfamilie Cetoniiae|Phoxomela umbrosa umbrosa|5
Stronkhorst box 10|BR2025.86 Bruikleen Erik Stronkhorst Box 10 Scarabaeidae subfamilie Cetoniiae|NN NN|25
Stronkhorst box 11|BR2025.86 Bruikleen Erik Stronkhorst Box 11 Scarabaeidae subfamilie Dynastinae|NN NN|7
Stronkhorst box 11|BR2025.86 Bruikleen Erik Stronkhorst Box 11 Scarabaeidae subfamilie Dynastinae|NN NN|4
Stronkhorst box 11|BR2025.86 Bruikleen Erik Stronkhorst Box 11 Scarabaeidae subfamilie Dynastinae|NN NN|5
Stronkhorst box 11|BR2025.86 Bruikleen Erik Stronkhorst Box 11 Scarabaeidae subfamilie Dynastinae|NN NN|8
Stronkhorst box 11|BR2025.86 Bruikleen Erik Stronkhorst Box 11 Scarabaeidae subfamilie Dynastinae|NN NN|12
Stronkhorst box 11|BR2025.86 Bruikleen Erik Stronkhorst Box 11 Scarabaeidae subfamilie Dynastinae|Cf. Syrictus syrictus|3
Stronkhorst box 11|BR2025.86 Bruikleen Erik Stronkhorst Box 11 Scarabaeidae subfamilie Dynastinae|Cyphonistes vallutus|16
Stronkhorst box 11|BR2025.86 Bruikleen Erik Stronkhorst Box 11 Scarabaeidae subfamilie Dynastinae|Pycnoschema sp.|24
Stronkhorst box 11|BR2025.86 Bruikleen Erik Stronkhorst Box 11 Scarabaeidae subfamilie Dynastinae|NN NN|6
Stronkhorst box 11|BR2025.86 Bruikleen Erik Stronkhorst Box 11 Scarabaeidae subfamilie Dynastinae|Oryctes boas|1
Stronkhorst box 11|BR2025.86 Bruikleen Erik Stronkhorst Box 11 Scarabaeidae subfamilie Dynastinae|Oryctes boas|6
Stronkhorst box 11|BR2025.86 Bruikleen Erik Stronkhorst Box 11 Scarabaeidae subfamilie Dynastinae|Oryctes boas|2
Stronkhorst box 11|BR2025.86 Bruikleen Erik Stronkhorst Box 11 Scarabaeidae subfamilie Dynastinae|Cyphonistes vallatus|11
Stronkhorst box 11|BR2025.86 Bruikleen Erik Stronkhorst Box 11 Scarabaeidae subfamilie Dynastinae|NN NN|1
Stronkhorst box 11|BR2025.86 Bruikleen Erik Stronkhorst Box 11 Scarabaeidae subfamilie Dynastinae|Oryctes boas|2
Stronkhorst box 11|BR2025.86 Bruikleen Erik Stronkhorst Box 11 Scarabaeidae subfamilie Dynastinae|NN NN|4
Stronkhorst box 11|BR2025.86 Bruikleen Erik Stronkhorst Box 11 Scarabaeidae subfamilie Dynastinae|NN NN|1
Stronkhorst box 11|BR2025.86 Bruikleen Erik Stronkhorst Box 11 Scarabaeidae subfamilie Dynastinae|NN NN|1
Stronkhorst box 11|BR2025.86 Bruikleen Erik Stronkhorst Box 11 Scarabaeidae subfamilie Dynastinae|Heteronchus sp.|16
Stronkhorst box 12|BR2025.86 Bruikleen Erik Stronkhorst Box 12 Scarabaeidae subfamilie Dynastinae|Pseudosyrichtus clathratus|1
Stronkhorst box 12|BR2025.86 Bruikleen Erik Stronkhorst Box 12 Scarabaeidae subfamilie Dynastinae|NN NN|1
Stronkhorst box 12|BR2025.86 Bruikleen Erik Stronkhorst Box 12 Scarabaeidae subfamilie Dynastinae|NN NN|2
Stronkhorst box 12|BR2025.86 Bruikleen Erik Stronkhorst Box 12 Scarabaeidae subfamilie Dynastinae|NN NN|2
Stronkhorst box 12|BR2025.86 Bruikleen Erik Stronkhorst Box 12 Scarabaeidae subfamilie Dynastinae|NN NN|1
Stronkhorst box 12|BR2025.86 Bruikleen Erik Stronkhorst Box 12 Scarabaeidae subfamilie Dynastinae|Oryctes boas|6
Stronkhorst box 12|BR2025.86 Bruikleen Erik Stronkhorst Box 12 Scarabaeidae subfamilie Dynastinae|Cyphonistes vallutus|12
Stronkhorst box 12|BR2025.86 Bruikleen Erik Stronkhorst Box 12 Scarabaeidae subfamilie Dynastinae|NN NN|7
Stronkhorst box 12|BR2025.86 Bruikleen Erik Stronkhorst Box 12 Scarabaeidae subfamilie Dynastinae|NN NN|7
Stronkhorst box 12|BR2025.86 Bruikleen Erik Stronkhorst Box 12 Scarabaeidae subfamilie Dynastinae|NN NN|3
Stronkhorst box 12|BR2025.86 Bruikleen Erik Stronkhorst Box 12 Scarabaeidae subfamilie Dynastinae|NN NN|2
Stronkhorst box 12|BR2025.86 Bruikleen Erik Stronkhorst Box 12 Scarabaeidae subfamilie Dynastinae|NN NN|1
Stronkhorst box 12|BR2025.86 Bruikleen Erik Stronkhorst Box 12 Scarabaeidae subfamilie Dynastinae|NN NN|4
Stronkhorst box 12|BR2025.86 Bruikleen Erik Stronkhorst Box 12 Scarabaeidae subfamilie Dynastinae|NN NN|1
Stronkhorst box 12|BR2025.86 Bruikleen Erik Stronkhorst Box 12 Scarabaeidae subfamilie Dynastinae|NN NN|11
Stronkhorst box 12|BR2025.86 Bruikleen Erik Stronkhorst Box 12 Scarabaeidae subfamilie Dynastinae|NN NN|11
Stronkhorst box 12|BR2025.86 Bruikleen Erik Stronkhorst Box 12 Scarabaeidae subfamilie Dynastinae|NN NN|7
Stronkhorst box 12|BR2025.86 Bruikleen Erik Stronkhorst Box 12 Scarabaeidae subfamilie Dynastinae|Heteroligus sp.|2
Stronkhorst box 12|BR2025.86 Bruikleen Erik Stronkhorst Box 12 Scarabaeidae subfamilie Dynastinae|NN NN|12
Stronkhorst box 12|BR2025.86 Bruikleen Erik Stronkhorst Box 12 Scarabaeidae subfamilie Dynastinae|NN NN|3
Stronkhorst box 12|BR2025.86 Bruikleen Erik Stronkhorst Box 12 Scarabaeidae subfamilie Dynastinae|NN NN|2
Stronkhorst box 12|BR2025.86 Bruikleen Erik Stronkhorst Box 12 Scarabaeidae subfamilie Dynastinae|NN NN|8
Stronkhorst box 13|BR2025.86 Bruikleen Erik Stronkhorst Box 13 Scarabaeidae subfamilie Coprini|Catharsius mossambicanus|4
Stronkhorst box 13|BR2025.86 Bruikleen Erik Stronkhorst Box 13 Scarabaeidae subfamilie Coprini|Catharsius philus|2
Stronkhorst box 13|BR2025.86 Bruikleen Erik Stronkhorst Box 13 Scarabaeidae subfamilie Coprini|Catharsius tricornutus|5
Stronkhorst box 13|BR2025.86 Bruikleen Erik Stronkhorst Box 13 Scarabaeidae subfamilie Coprini|Catharsius tricornutus|4
Stronkhorst box 13|BR2025.86 Bruikleen Erik Stronkhorst Box 13 Scarabaeidae subfamilie Coprini|Catharsius tricornutus|9
Stronkhorst box 13|BR2025.86 Bruikleen Erik Stronkhorst Box 13 Scarabaeidae subfamilie Coprini|Catharsius sesostris|3
Stronkhorst box 13|BR2025.86 Bruikleen Erik Stronkhorst Box 13 Scarabaeidae subfamilie Coprini|Catharsius eteocles|1
Stronkhorst box 13|BR2025.86 Bruikleen Erik Stronkhorst Box 13 Scarabaeidae subfamilie Coprini|NN NN|27
Stronkhorst box 13|BR2025.86 Bruikleen Erik Stronkhorst Box 13 Scarabaeidae subfamilie Coprini|Catharsius heros|1
Stronkhorst box 13|BR2025.86 Bruikleen Erik Stronkhorst Box 13 Scarabaeidae subfamilie Coprini|Catharsius platycerus|1
Stronkhorst box 13|BR2025.86 Bruikleen Erik Stronkhorst Box 13 Scarabaeidae subfamilie Coprini|Catharsius calaharicus|2
Stronkhorst box 13|BR2025.86 Bruikleen Erik Stronkhorst Box 13 Scarabaeidae subfamilie Coprini|Catharsius heros|3
Stronkhorst box 13|BR2025.86 Bruikleen Erik Stronkhorst Box 13 Scarabaeidae subfamilie Coprini|Metacatharsius troglodytes|8
Stronkhorst box 13|BR2025.86 Bruikleen Erik Stronkhorst Box 13 Scarabaeidae subfamilie Coprini|Metacatharsius zulanus|3
Stronkhorst box 13|BR2025.86 Bruikleen Erik Stronkhorst Box 13 Scarabaeidae subfamilie Coprini|Dicronorrhina derbyana|10
Stronkhorst box 13|BR2025.86 Bruikleen Erik Stronkhorst Box 13 Scarabaeidae subfamilie Coprini|Catharsius heros|3
Stronkhorst box 13|BR2025.86 Bruikleen Erik Stronkhorst Box 13 Scarabaeidae subfamilie Coprini|NN NN|2
Stronkhorst box 13|BR2025.86 Bruikleen Erik Stronkhorst Box 13 Scarabaeidae subfamilie Coprini|NN NN|8
Stronkhorst box 13|BR2025.86 Bruikleen Erik Stronkhorst Box 13 Scarabaeidae subfamilie Coprini|NN NN|10
Stronkhorst box 13|BR2025.86 Bruikleen Erik Stronkhorst Box 13 Scarabaeidae subfamilie Coprini|NN NN|10
Stronkhorst box 13|BR2025.86 Bruikleen Erik Stronkhorst Box 13 Scarabaeidae subfamilie Coprini|NN NN|10
Stronkhorst box 13|BR2025.86 Bruikleen Erik Stronkhorst Box 13 Scarabaeidae subfamilie Coprini|NN NN|2
Stronkhorst box 13|BR2025.86 Bruikleen Erik Stronkhorst Box 13 Scarabaeidae subfamilie Coprini|NN NN|1
Stronkhorst box 14|BR2025.86 Bruikleen Erik Stronkhorst Box 14 Scarabaeidae subfamilie Coprini|NN NN|16
Stronkhorst box 14|BR2025.86 Bruikleen Erik Stronkhorst Box 14 Scarabaeidae subfamilie Coprini|Copris mesacanthus|4
Stronkhorst box 14|BR2025.86 Bruikleen Erik Stronkhorst Box 14 Scarabaeidae subfamilie Coprini|Copris diversus|1
Stronkhorst box 14|BR2025.86 Bruikleen Erik Stronkhorst Box 14 Scarabaeidae subfamilie Coprini|Copris fidius|4
Stronkhorst box 14|BR2025.86 Bruikleen Erik Stronkhorst Box 14 Scarabaeidae subfamilie Coprini|Copris misellus|2
Stronkhorst box 14|BR2025.86 Bruikleen Erik Stronkhorst Box 14 Scarabaeidae subfamilie Coprini|Copris coriarus|1
Stronkhorst box 14|BR2025.86 Bruikleen Erik Stronkhorst Box 14 Scarabaeidae subfamilie Coprini|Copris amyntor|6
Stronkhorst box 14|BR2025.86 Bruikleen Erik Stronkhorst Box 14 Scarabaeidae subfamilie Coprini|Copris amyntor|6
Stronkhorst box 14|BR2025.86 Bruikleen Erik Stronkhorst Box 14 Scarabaeidae subfamilie Coprini|Copris amyntor|17
Stronkhorst box 14|BR2025.86 Bruikleen Erik Stronkhorst Box 14 Scarabaeidae subfamilie Coprini|Copris elphenor|20
Stronkhorst box 14|BR2025.86 Bruikleen Erik Stronkhorst Box 14 Scarabaeidae subfamilie Coprini|Copris elphenor|12
Stronkhorst box 14|BR2025.86 Bruikleen Erik Stronkhorst Box 14 Scarabaeidae subfamilie Coprini|Copris fallaciosus|7
Stronkhorst box 14|BR2025.86 Bruikleen Erik Stronkhorst Box 14 Scarabaeidae subfamilie Coprini|Copris subsidens|5
Stronkhorst box 14|BR2025.86 Bruikleen Erik Stronkhorst Box 14 Scarabaeidae subfamilie Coprini|Copris integer|2
Stronkhorst box 14|BR2025.86 Bruikleen Erik Stronkhorst Box 14 Scarabaeidae subfamilie Coprini|Copris fallaciosus|7
Stronkhorst box 14|BR2025.86 Bruikleen Erik Stronkhorst Box 14 Scarabaeidae subfamilie Coprini|Copris elphenor|27
Stronkhorst box 14|BR2025.86 Bruikleen Erik Stronkhorst Box 14 Scarabaeidae subfamilie Coprini|Copris cornifros|1
Stronkhorst box 14|BR2025.86 Bruikleen Erik Stronkhorst Box 14 Scarabaeidae subfamilie Coprini|Copris urus|1
Stronkhorst box 14|BR2025.86 Bruikleen Erik Stronkhorst Box 14 Scarabaeidae subfamilie Coprini|Copris evanidus|18
Stronkhorst box 14|BR2025.86 Bruikleen Erik Stronkhorst Box 14 Scarabaeidae subfamilie Coprini|Copris macer|14
Stronkhorst box 14|BR2025.86 Bruikleen Erik Stronkhorst Box 14 Scarabaeidae subfamilie Coprini|Copris bornemisszai|11
Stronkhorst box 14|BR2025.86 Bruikleen Erik Stronkhorst Box 14 Scarabaeidae subfamilie Coprini|Copris bornemizzai|11
Stronkhorst box 15|BR2025.86 Bruikleen Erik Stronkhorst Box 15 Scarabaeidae subfamilie Dichotomiini|NN NN|3
Stronkhorst box 15|BR2025.86 Bruikleen Erik Stronkhorst Box 15 Scarabaeidae subfamilie Dichotomiini|NN NN|2
Stronkhorst box 15|BR2025.86 Bruikleen Erik Stronkhorst Box 15 Scarabaeidae subfamilie Dichotomiini|Coptorhina auspicata|1
Stronkhorst box 15|BR2025.86 Bruikleen Erik Stronkhorst Box 15 Scarabaeidae subfamilie Dichotomiini|Xinidium dentilabris|23
Stronkhorst box 15|BR2025.86 Bruikleen Erik Stronkhorst Box 15 Scarabaeidae subfamilie Dichotomiini|NN NN|10
Stronkhorst box 15|BR2025.86 Bruikleen Erik Stronkhorst Box 15 Scarabaeidae subfamilie Dichotomiini|Sarophorus costatus|16
Stronkhorst box 15|BR2025.86 Bruikleen Erik Stronkhorst Box 15 Scarabaeidae subfamilie Dichotomiini|NN NN|2
Stronkhorst box 15|BR2025.86 Bruikleen Erik Stronkhorst Box 15 Scarabaeidae subfamilie Dichotomiini|Copris laioides|8
Stronkhorst box 15|BR2025.86 Bruikleen Erik Stronkhorst Box 15 Scarabaeidae subfamilie Dichotomiini|Copris macer|8
Stronkhorst box 15|BR2025.86 Bruikleen Erik Stronkhorst Box 15 Scarabaeidae subfamilie Dichotomiini|Copris gracilis|4
Stronkhorst box 15|BR2025.86 Bruikleen Erik Stronkhorst Box 15 Scarabaeidae subfamilie Dichotomiini|Copris puncticollis|5
Stronkhorst box 15|BR2025.86 Bruikleen Erik Stronkhorst Box 15 Scarabaeidae subfamilie Dichotomiini|Heliocopris neptunus|10
Stronkhorst box 15|BR2025.86 Bruikleen Erik Stronkhorst Box 15 Scarabaeidae subfamilie Dichotomiini|Heliocopris atropus|1
Stronkhorst box 15|BR2025.86 Bruikleen Erik Stronkhorst Box 15 Scarabaeidae subfamilie Dichotomiini|Heliocopris japetus|2
Stronkhorst box 15|BR2025.86 Bruikleen Erik Stronkhorst Box 15 Scarabaeidae subfamilie Dichotomiini|Heliocopris neptunus|7
Stronkhorst box 15|BR2025.86 Bruikleen Erik Stronkhorst Box 15 Scarabaeidae subfamilie Dichotomiini|Heliocopris dilloni|1
Stronkhorst box 15|BR2025.86 Bruikleen Erik Stronkhorst Box 15 Scarabaeidae subfamilie Dichotomiini|Heliocopris haroldi|1
Stronkhorst box 15|BR2025.86 Bruikleen Erik Stronkhorst Box 15 Scarabaeidae subfamilie Dichotomiini|Heliocopris minos|1
Stronkhorst box 15|BR2025.86 Bruikleen Erik Stronkhorst Box 15 Scarabaeidae subfamilie Dichotomiini|Heliocopris faunus|3
Stronkhorst box 15|BR2025.86 Bruikleen Erik Stronkhorst Box 15 Scarabaeidae subfamilie Dichotomiini|Heliocopris hamadryas|2
Stronkhorst box 15|BR2025.86 Bruikleen Erik Stronkhorst Box 15 Scarabaeidae subfamilie Dichotomiini|Heliocopris pirmal|3
Stronkhorst box 23|BR2025.86 Bruikleen Erik Stronkhorst Box 23 Scarabaeidae tribus Onitini|NN NN|11
Stronkhorst box 23|BR2025.86 Bruikleen Erik Stronkhorst Box 23 Scarabaeidae tribus Onitini|Onitis caffer|3
Stronkhorst box 23|BR2025.86 Bruikleen Erik Stronkhorst Box 23 Scarabaeidae tribus Onitini|Onitis lycophron|1
Stronkhorst box 23|BR2025.86 Bruikleen Erik Stronkhorst Box 23 Scarabaeidae tribus Onitini|Onitis picticollis|12
Stronkhorst box 23|BR2025.86 Bruikleen Erik Stronkhorst Box 23 Scarabaeidae tribus Onitini|Onitis numida|4
Stronkhorst box 23|BR2025.86 Bruikleen Erik Stronkhorst Box 23 Scarabaeidae tribus Onitini|Onitis pecuarius|3
Stronkhorst box 23|BR2025.86 Bruikleen Erik Stronkhorst Box 23 Scarabaeidae tribus Onitini|Onitis politus|8
Stronkhorst box 23|BR2025.86 Bruikleen Erik Stronkhorst Box 23 Scarabaeidae tribus Onitini|Onitis uncinatus|15
Stronkhorst box 23|BR2025.86 Bruikleen Erik Stronkhorst Box 23 Scarabaeidae tribus Onitini|Onitis uncinatus|16
Stronkhorst box 23|BR2025.86 Bruikleen Erik Stronkhorst Box 23 Scarabaeidae tribus Onitini|Onitis inversidens|12
Stronkhorst box 23|BR2025.86 Bruikleen Erik Stronkhorst Box 23 Scarabaeidae tribus Onitini|Onitis inversidens|11
Stronkhorst box 23|BR2025.86 Bruikleen Erik Stronkhorst Box 23 Scarabaeidae tribus Onitini|Onitis alexis|18
Stronkhorst box 23|BR2025.86 Bruikleen Erik Stronkhorst Box 23 Scarabaeidae tribus Onitini|Onitis alexis|16
Stronkhorst box 23|BR2025.86 Bruikleen Erik Stronkhorst Box 23 Scarabaeidae tribus Onitini|Onitis viridulus|16
Stronkhorst box 23|BR2025.86 Bruikleen Erik Stronkhorst Box 23 Scarabaeidae tribus Onitini|Onitis fulgidus|22
Stronkhorst box 23|BR2025.86 Bruikleen Erik Stronkhorst Box 23 Scarabaeidae tribus Onitini|Onitis obscurus|3
Stronkhorst box 23|BR2025.86 Bruikleen Erik Stronkhorst Box 23 Scarabaeidae tribus Onitini|Onitis setosus|2
Stronkhorst box 23|BR2025.86 Bruikleen Erik Stronkhorst Box 23 Scarabaeidae tribus Onitini|Onitis orthopus|2
Stronkhorst box 23|BR2025.86 Bruikleen Erik Stronkhorst Box 23 Scarabaeidae tribus Onitini|Onitis reichei|2
Stronkhorst box 23|BR2025.86 Bruikleen Erik Stronkhorst Box 23 Scarabaeidae tribus Onitini|Onitis robustus|4
Stronkhorst box 23|BR2025.86 Bruikleen Erik Stronkhorst Box 23 Scarabaeidae tribus Onitini|Onitis robustus|2
Stronkhorst box 22|BR2025.86 Bruikleen Erik Stronkhorst Box 22 Scarabaeidae tribus Onthophagini|Cleptocaccobius viridicollis|10
Stronkhorst box 22|BR2025.86 Bruikleen Erik Stronkhorst Box 22 Scarabaeidae tribus Onthophagini|Cleptocaccobius (Caccophilus) obtusus|1
Stronkhorst box 22|BR2025.86 Bruikleen Erik Stronkhorst Box 22 Scarabaeidae tribus Onthophagini|Cleptocaccobius seminulum|18
Stronkhorst box 22|BR2025.86 Bruikleen Erik Stronkhorst Box 22 Scarabaeidae tribus Onthophagini|Cleptocaccobius (Caccophilus) nigritulus|12
Stronkhorst box 22|BR2025.86 Bruikleen Erik Stronkhorst Box 22 Scarabaeidae tribus Onthophagini|Cleptocaccobius (Caccophilus) dicrepans|4
Stronkhorst box 22|BR2025.86 Bruikleen Erik Stronkhorst Box 22 Scarabaeidae tribus Onthophagini|Cleptocaccobius (Caccophilus) ferrugineus|5
Stronkhorst box 22|BR2025.86 Bruikleen Erik Stronkhorst Box 22 Scarabaeidae tribus Onthophagini|Onthophagus auruginosus|30
Stronkhorst box 22|BR2025.86 Bruikleen Erik Stronkhorst Box 22 Scarabaeidae tribus Onthophagini|Onthophagus binodis|1
Stronkhorst box 22|BR2025.86 Bruikleen Erik Stronkhorst Box 22 Scarabaeidae tribus Onthophagini|Onthophagus plebejus|7
Stronkhorst box 22|BR2025.86 Bruikleen Erik Stronkhorst Box 22 Scarabaeidae tribus Onthophagini|Onthophagus plebejus|7
Stronkhorst box 22|BR2025.86 Bruikleen Erik Stronkhorst Box 22 Scarabaeidae tribus Onthophagini|Mimonthophagus anomalus|1
Stronkhorst box 22|BR2025.86 Bruikleen Erik Stronkhorst Box 22 Scarabaeidae tribus Onthophagini|Euonthophagus jeanneli|5
Stronkhorst box 22|BR2025.86 Bruikleen Erik Stronkhorst Box 22 Scarabaeidae tribus Onthophagini|Onthophagus vinctus|38
Stronkhorst box 22|BR2025.86 Bruikleen Erik Stronkhorst Box 22 Scarabaeidae tribus Onthophagini|Onthophagus bovinus|1
Stronkhorst box 22|BR2025.86 Bruikleen Erik Stronkhorst Box 22 Scarabaeidae tribus Onthophagini|Onthophagus beiranus|2
Stronkhorst box 22|BR2025.86 Bruikleen Erik Stronkhorst Box 22 Scarabaeidae tribus Onthophagini|Onthophagus interstitialis|25
Stronkhorst box 22|BR2025.86 Bruikleen Erik Stronkhorst Box 22 Scarabaeidae tribus Onthophagini|Onthophagus carbonarius|3
Stronkhorst box 22|BR2025.86 Bruikleen Erik Stronkhorst Box 22 Scarabaeidae tribus Onthophagini|Onthophagus carbonarius|30
Stronkhorst box 22|BR2025.86 Bruikleen Erik Stronkhorst Box 22 Scarabaeidae tribus Onthophagini|Onthophagus setosus|1
Stronkhorst box 22|BR2025.86 Bruikleen Erik Stronkhorst Box 22 Scarabaeidae tribus Onthophagini|Onthophagus pauxillus|4
Stronkhorst box 22|BR2025.86 Bruikleen Erik Stronkhorst Box 22 Scarabaeidae tribus Onthophagini|Onthophagus pullus|7
Stronkhorst box 22|BR2025.86 Bruikleen Erik Stronkhorst Box 22 Scarabaeidae tribus Onthophagini|Onthophagus filicornis|13
Stronkhorst box 22|BR2025.86 Bruikleen Erik Stronkhorst Box 22 Scarabaeidae tribus Onthophagini|Onthophagus flavolimbatus|4
Stronkhorst box 22|BR2025.86 Bruikleen Erik Stronkhorst Box 22 Scarabaeidae tribus Onthophagini|Onthophagus virescens|3
Stronkhorst box 22|BR2025.86 Bruikleen Erik Stronkhorst Box 22 Scarabaeidae tribus Onthophagini|Onthophagus nanus|6
Stronkhorst box 22|BR2025.86 Bruikleen Erik Stronkhorst Box 22 Scarabaeidae tribus Onthophagini|Onthophagus rasipennis|13
Stronkhorst box 22|BR2025.86 Bruikleen Erik Stronkhorst Box 22 Scarabaeidae tribus Onthophagini|Onthophagus pallidipennis|4
Stronkhorst box 22|BR2025.86 Bruikleen Erik Stronkhorst Box 22 Scarabaeidae tribus Onthophagini|Onthophagus quadrinodosus|2
Stronkhorst box 21|BR2025.86 Bruikleen Erik Stronkhorst Box 21 Scarabaeidae tribus Onthophagini|NN NN|5
Stronkhorst box 21|BR2025.86 Bruikleen Erik Stronkhorst Box 21 Scarabaeidae tribus Onthophagini|NN NN|1
Stronkhorst box 21|BR2025.86 Bruikleen Erik Stronkhorst Box 21 Scarabaeidae tribus Onthophagini|Ceuterorhynchus quadridens|1
Stronkhorst box 21|BR2025.86 Bruikleen Erik Stronkhorst Box 21 Scarabaeidae tribus Onthophagini|Amalorrhynchus melanarius|1
Stronkhorst box 21|BR2025.86 Bruikleen Erik Stronkhorst Box 21 Scarabaeidae tribus Onthophagini|NN NN|2
Stronkhorst box 21|BR2025.86 Bruikleen Erik Stronkhorst Box 21 Scarabaeidae tribus Onthophagini|NN NN|1
Stronkhorst box 21|BR2025.86 Bruikleen Erik Stronkhorst Box 21 Scarabaeidae tribus Onthophagini|NN NN|1
Stronkhorst box 21|BR2025.86 Bruikleen Erik Stronkhorst Box 21 Scarabaeidae tribus Onthophagini|NN NN|1
Stronkhorst box 21|BR2025.86 Bruikleen Erik Stronkhorst Box 21 Scarabaeidae tribus Onthophagini|NN NN|7
Stronkhorst box 21|BR2025.86 Bruikleen Erik Stronkhorst Box 21 Scarabaeidae tribus Onthophagini|NN NN|5
Stronkhorst box 21|BR2025.86 Bruikleen Erik Stronkhorst Box 21 Scarabaeidae tribus Onthophagini|NN NN|2
Stronkhorst box 21|BR2025.86 Bruikleen Erik Stronkhorst Box 21 Scarabaeidae tribus Onthophagini|NN NN|4
Stronkhorst box 21|BR2025.86 Bruikleen Erik Stronkhorst Box 21 Scarabaeidae tribus Onthophagini|NN NN|2
Stronkhorst box 21|BR2025.86 Bruikleen Erik Stronkhorst Box 21 Scarabaeidae tribus Onthophagini|NN NN|1
Stronkhorst box 21|BR2025.86 Bruikleen Erik Stronkhorst Box 21 Scarabaeidae tribus Onthophagini|NN NN|2
Stronkhorst box 21|BR2025.86 Bruikleen Erik Stronkhorst Box 21 Scarabaeidae tribus Onthophagini|NN NN|2
Stronkhorst box 21|BR2025.86 Bruikleen Erik Stronkhorst Box 21 Scarabaeidae tribus Onthophagini|NN NN|1
Stronkhorst box 21|BR2025.86 Bruikleen Erik Stronkhorst Box 21 Scarabaeidae tribus Onthophagini|NN NN|19
Stronkhorst box 21|BR2025.86 Bruikleen Erik Stronkhorst Box 21 Scarabaeidae tribus Onthophagini|NN NN|3
Stronkhorst box 21|BR2025.86 Bruikleen Erik Stronkhorst Box 21 Scarabaeidae tribus Onthophagini|NN NN|17
Stronkhorst box 21|BR2025.86 Bruikleen Erik Stronkhorst Box 21 Scarabaeidae tribus Onthophagini|NN NN|36
Stronkhorst box 20|BR2025.86 Bruikleen Erik Stronkhorst Box 20 Scarabaeidae tribus Onthophagini|NN NN|12
Stronkhorst box 20|BR2025.86 Bruikleen Erik Stronkhorst Box 20 Scarabaeidae tribus Onthophagini|Phalops prasinus|49
Stronkhorst box 20|BR2025.86 Bruikleen Erik Stronkhorst Box 20 Scarabaeidae tribus Onthophagini|Phalops flavocinctus|50
